"aname1","aname2","aname3","aname4","aname5","aname6","aname7","aname8"
"강원강릉시내곡점","강원","강릉시","강원 강릉시 범일로","강원강릉시범일로579번길49-2","033","033-643-9954","1175"
"강원강릉시사천해변점","강원","강릉시","강원 강릉시 사천면 진리해변길","강원도강릉시사천면진리해변길99","033","033-644-8881","1175"
"강원강릉시솔올점","강원","강릉시","강원 강릉시 원대로","강원강릉시원대로155","033","033-641-4560","1175"
"강원강릉시입암점","강원","강릉시","강원 강릉시 강변로","강원강릉시강변로410번길36","033","033-643-9976","1175"
"강원강릉시주문진점","강원","강릉시","강원 강릉시 주문진읍 주문로","강원강릉시주문진읍주문로11","033","033-661-4488","1175"
"강원강릉시초당점","강원","강릉시","강원 강릉시 초당원길","강원강릉시초당원길19","033","033-653-9298","1175"
"강원강릉시포남1점","강원","강릉시","강원 강릉시 가작로","강원강릉시가작로287번길7","033","033-652-9976","1175"
"강원강릉시홍제점","강원","강릉시","강원 강릉시 홍제로","강원도강릉시홍제로33","033","033-643-9993","1175"
"강원동해시망상점","강원","동해시","강원 동해시 동해대로","강원동해시동해대로6270-31","033","033-534-3377","1175"
"강원동해시부곡점","강원","동해시","강원 동해시 발한로","강원동해시발한로96","033","033-534-9993","1175"
"강원동해시천곡점","강원","동해시","강원 동해시 한섬로","강원동해시한섬로18","033","033-532-9591","1175"
"강원동해시효가점","강원","동해시","강원 동해시 동해대로","강원동해시동해대로5033","033","033-521-2676","1175"
"강원삼척시교동점","강원","삼척시","강원 삼척시 정상로","강원삼척시정상로10-6","033","033-573-8000","1175"
"강원속초시교동점","강원","속초시","강원 속초시 수복로","강원속초시수복로74","033","033-633-4425","1175"
"강원속초시금호점","강원","속초시","강원 속초시 미시령로","강원속초시미시령로3473","033","033-638-4482","1175"
"강원속초시조양점","강원","속초시","강원 속초시 동해대로","강원속초시동해대로3996","033","033-637-4466","1175"
"강원양구군동면점","강원","양구군","강원 양구군 동면 금강산로","강원도양구군동면금강산로1681","033","033-482-2292","1175"
"강원양구군방산점","강원","양구군","강원 양구군 방산면 장거리길","강원도양구군방산면장거리길18","033","033-481-8892","1175"
"강원양구군양구점","강원","양구군","강원 양구군 양구읍 중앙길","강원양구군양구읍중앙길12","033","033-481-9995","1175"
"강원양양군양양점","강원","양양군","강원 양양군 양양읍 양양로","강원양양군양양읍양양로83-1","033","033-673-4492","1175"
"강원양양군하조대점","강원","양양군","강원 양양군 현북면 조준길","강원양양군현북면조준길6","033","033-672-1658","1175"
"강원영월군영월점","강원","영월군","강원 영월군 영월읍 은행나무길","강원영월군영월읍은행나무길58","033","033-375-9696","1175"
"강원원주시단계점","강원","원주시","강원 원주시 원문로","강원원주시원문로146","033","033-748-0213","1175"
"강원원주시단관점","강원","원주시","강원 원주시 단관초교길","강원원주시단관초교길9","033","033-748-9494","1175"
"강원원주시단구점","강원","원주시","강원 원주시 서원대로","강원원주시서원대로383","033","033-766-4479","1175"
"강원원주시명륜점","강원","원주시","강원 원주시 남산로","강원원주시남산로30","033","033-761-9288","1175"
"강원원주시무실점","강원","원주시","강원 원주시 섬밭들길","강원원주시섬밭들2길16-2","033","033-746-4479","1175"
"강원원주시문막점","강원","원주시","강원 원주시 문막읍 건등로","강원원주시문막읍건등로40-3","033","033-734-4482","1175"
"강원원주시반곡봉산점","강원","원주시","강원 원주시 반곡길","강원원주시반곡길47","033","033-731-9986","1175"
"강원원주시태장점","강원","원주시","강원 원주시 북원로","강원원주시북원로2704-4","033","033-745-9979","1175"
"강원원주시혁신도시점","강원","원주시","강원 원주시 웅비2길","강원원주시웅비2길8","033","033-742-4479","1175"
"강원인제군서화점[B]","강원","인제군","강원 인제군 서화면 천도로","강원도인제군서화면천도로126번길6","033","033-462-4479","1175"
"강원인제군신남점","강원","인제군","강원 인제군 남면 신남로","강원도인제군남면신남로23","033","033-461-0049","1175"
"강원인제군인제점","강원","인제군","강원 인제군 인제읍 인제로","강원도인제군인제읍인제로197-1","033","033-463-7999","1175"
"강원인제군현리점","강원","인제군","강원 인제군 기린면 내린천로","강원인제군기린면내린천로3905-1","033","033-461-9294","1175"
"강원정선군정선점","강원","정선군","강원 정선군 정선읍 봉양길","강원정선군정선읍봉양6길28","033","033-562-4477","1175"
"강원철원군내대리점","강원","철원군","강원 철원군 갈말읍 두루미로","강원철원군갈말읍두루미로414","033","033-452-1111","1175"
"강원철원군동송점","강원","철원군","강원 철원군 동송읍 금학로","강원도철원군동송읍금학로202","033","033-456-0635","1175"
"강원철원군신철원점","강원","철원군","강원 철원군 갈말읍 삼부연로","강원도철원군갈말읍삼부연로17번길3-14","033","033-452-9911","1175"
"강원철원군와수리점","강원","철원군","강원 철원군 서면 와수로","강원도철원군서면와수로181번길7-16","033","033-458-5332","1175"
"강원철원군자등리점","강원","철원군","강원 철원군 서면 자등로","강원도철원군서면자등로578","033","033-458-9233","1175"
"강원철원군지경리점","강원","철원군","강원 철원군 갈말읍 청양로","강원도철원군갈말읍청양로81-1","033","033-458-3505","1175"
"강원춘천시강북점","강원","춘천시","강원 춘천시 충열로","강원춘천시충열로78-3","033","033-252-0086","1175"
"강원춘천시교동후평점","강원","춘천시","강원 춘천시 성심로","강원도춘천시성심로23-1","033","033-244-8892","1175"
"강원춘천시석사점","강원","춘천시","강원 춘천시 우석로","강원도춘천시우석로79번길4-1","033","033-262-6007","1175"
"강원춘천시칠전송암점","강원","춘천시","강원 춘천시 옛경춘로","강원춘천시옛경춘로492","033","033-251-4479","1175"
"강원춘천시퇴계점","강원","춘천시","강원 춘천시 춘주로","강원도춘천시춘주로187번길20-4","033","033-242-8119","1175"
"강원춘천시효자점","강원","춘천시","강원 춘천시 서부대성로","강원춘천시서부대성로194","033","033-256-0074","1175"
"강원태백시장성점","강원","태백시","강원 태백시 장성로","강원태백시장성로43-2","033","033-581-5677","1175"
"강원태백시태백점","강원","태백시","강원 태백시 황지로","강원태백시황지로238","033","033-554-4494","1175"
"강원평창군대관령점","강원","평창군","강원 평창군 대관령면 경강로","강원평창군대관령면경강로5166","033","033-335-9599","1175"
"강원평창군봉평점","강원","평창군","강원 평창군 봉평면 태기로","강원평창군봉평면태기로68","033","033-334-5255","1175"
"강원평창군장평점","강원","평창군","강원 평창군 용평면 경강로","강원평창군용평면경강로1663-1","033","033-333-4491","1175"
"강원평창군진부점","강원","평창군","강원 평창군 진부면 진부중앙로","강원평창군진부면진부중앙로50","033","033-336-4492","1175"
"강원홍천군대명비발디점","강원","홍천군","강원 홍천군 서면 한치골길","강원도홍천군서면한치골길48","033","033-435-4479","1175"
"강원홍천군시동점","강원","홍천군","강원 홍천군 남면 시동리","강원홍천군남면시동리5번지5925부대내","033","033-432-9288","1175"
"강원홍천군홍천점","강원","홍천군","강원 홍천군 홍천읍 갈마로","강원도홍천군홍천읍갈마로4","033","033-435-7983","1175"
"강원화천군다목리점","강원","화천군","강원 화천군 상서면 수피령로","강원도화천군상서면수피령로1306","033","033-441-9288","1175"
"강원화천군사내점","강원","화천군","강원 화천군 사내면 사내로","강원도화천군사내면사내로33","033","033-441-9292","1175"
"강원화천군산양리점","강원","화천군","강원 화천군 상서면 영서로","강원도화천군상서면영서로7740-4","033","033-442-4484","1175"
"강원화천군화천점","강원","화천군","강원 화천군 화천읍 중앙","강원도화천군화천읍중앙로5","033","033-441-9233","1175"
"강원횡성군횡성점","강원","횡성군","강원 횡성군 횡성읍 읍하로","강원횡성군횡성읍읍하로25번길14","033","033-344-4479","1175"
"경기가평군가평점","경기","가평군","경기 가평군 가평읍 석봉로","경기도가평군가평읍석봉로230","031","031-581-9982","1175"
"경기가평군북면점","경기","가평군","경기 가평군 북면 화악산로","경기도가평군북면화악산로11번길5","031","031-582-6789","1175"
"경기가평군청평점","경기","가평군","경기 가평군 청평면 잠곡로","경기도가평군청평면잠곡로3","031","031-584-7679","1175"
"경기가평군현리점","경기","가평군","경기 가평군 하면 현창로","경기도가평군하면현창로38번길2","031","031-585-9929","1175"
"경기고양시가좌점","경기","고양시","경기 고양시 일산서구 가좌로","경기고양시일산서구가좌1로38","031","031-921-9292","1175"
"경기고양시고양동점","경기","고양시","경기 고양시 덕양구 혜음로","경기도고양시덕양구혜음로56","031","031-964-5592","1175"
"경기고양시관산점","경기","고양시","경기 고양시 덕양구 통일로","경기도고양시덕양구통일로780번길16","031","031-969-2225","1175"
"경기고양시능곡점","경기","시흥시","경기 시흥시 장현능곡로","경기고양시덕양구행당로2","031","031-974-9956","1175"
"경기고양시대화점","경기","고양시","경기 고양시 일산서구 강성로","경기도고양시일산서구강성로214번길16-4","031","031-925-5592","1175"
"경기고양시덕이점","경기","고양시","경기 고양시 일산서구 탄중로","경기도고양시일산서구탄중로101번길60","031","031-923-1311","1175"
"경기고양시라페스타점","경기","고양시","경기 고양시 일산동구 무궁화로","경기도고양시일산동구무궁화로7-45","031","031-905-9982","1175"
"경기고양시문촌점","경기","고양시","경기 고양시 일산서구 킨텍스로","경기도고양시일산서구킨텍스로340","031","031-912-4479","1175"
"경기고양시백마점","경기","고양시","경기 고양시 일산동구 경의로","경기도고양시일산동구경의로309","031","031-904-4482","1175"
"경기고양시백석1점","경기","고양시","경기 고양시 일산동구 백석로","경기도고양시일산동구백석로72번길22","031","031-907-8845","1175"
"경기고양시성사점","경기","고양시","경기 고양시 덕양구 마상로","경기고양시덕양구마상로169","031","031-962-7792","1175"
"경기고양시성석점","경기","고양시","경기 고양시 일산동구 성현로","경기도고양시일산동구성현로41-6","031","031-977-4412","1175"
"경기고양시식사동점","경기","고양시","경기 고양시 일산동구 동국로","경기도고양시일산동구위시티2로33","031","031-963-4414","1175"
"경기고양시신원점","경기","고양시","경기 고양시 덕양구 권율대로","경기도고양시덕양구권율대로831판매시설동지1층103호","031","02-381-4492","1175"
"경기고양시일산점","경기","고양시","경기 고양시 일산서구 원일로","경기고양시일산서구원일로45번길10","031","031-975-2676","1175"
"경기고양시주교점","경기","고양시","경기 고양시 덕양구 원당로","경기도고양시덕양구원당로69번길14","031","031-965-9234","1175"
"경기고양시주엽1점","경기","고양시","경기 고양시 일산서구 대산로","경기도고양시일산서구대산로58","031","031-912-8892","1175"
"경기고양시중산점","경기","고양시","경기 고양시 일산동구 탄중로","경기도고양시일산동구탄중로417번길7-3","031","031-975-4492","1175"
"경기고양시풍동점","경기","고양시","경기 고양시 일산동구 숲속마을로","경기도고양시일산동구숲속마을2로106-2","031","031-966-4492","1175"
"경기고양시행신2점","경기","고양시","경기 고양시 덕양구 무원로","경기도고양시덕양구무원로6무원빌딩111호","031","031-973-0702","1175"
"경기고양시행신3점","경기","고양시","경기 고양시 덕양구 화신로","경기도고양시덕양구화신로105상가동103호","031","031-978-1629","1175"
"경기고양시화정1점","경기","고양시","경기 고양시 덕양구 화중로","경기고양시덕양구화중로130번길5-37","031","031-968-9288","1175"
"경기고양시화정2점","경기","고양시","경기도 고양시 덕양구 화정로","경기고양시덕양구화정로86","031","031-978-4445","1175"
"경기과천시과천1점","경기","과천시","경기 과천시 별양로","경기도과천시별양로85","031","02-503-7070","1175"
"경기광명시광명사거리점","경기","광명시","경기 광명시 오리로","경기광명시오리로985번안길7","02","02-2682-9292","1175"
"경기광명시광명시장점","경기","광명시","경기 광명시 광이로","경기광명시광이로32","02","02-2618-4479","1175"
"경기광명시광명KTX역점","경기","광명시","경기 광명시 일직로","경기광명시일직로99번안길18","02","02-898-9242","1175"
"경기광명시소하점","경기","광명시","경기 광명시 신촌로","경기광명시신촌로5","02","02-897-8293","1175"
"경기광명시철산역점","경기","광명시","경기 광명시 디지털로","경기광명시광덕산로5푸르지오하늘채아파트종합","02","02-2612-9979","1175"
"경기광명시철산점","경기","광명시","경기 광명시 도덕공원로","경기광명시도덕공원로68","02","02-2681-8585","1175"
"경기광명시하안점","경기","광명시","경기 광명시 하안로","경기광명시하안로254","02","02-894-4482","1175"
"경기광주시곤지암점","경기","광주시","경기 광주시 곤지암읍 평촌길","경기도광주시곤지암읍평촌길30-21","031","031-798-9050","1175"
"경기광주시광주점","경기","광주시","경기 광주시 통미로","경기광주시통미로60","031","031-768-9913","1175"
"경기광주시신현점","경기","광주시","경기 광주시 오포읍 신현로","경기도광주시오포읍신현로44-10102호","031","031-726-4413","1175"
"경기광주시양벌점","경기","광주시","경기 광주시 오포읍 양벌로","경기도광주시오포읍양촌안길40","031","031-765-9964","1175"
"경기광주시오포2호점","경기","광주시","경기 광주시 오포읍 오포로","경기도광주시오포읍오포로347","031","031-765-4456","1175"
"경기광주시태전점","경기","광주시","경기 광주시 태봉로","경기도광주시태봉로20","031","031-767-9200","1175"
"경기구리시교문점","경기","구리시","경기 구리시 안골로","경기구리시안골로20번길6","031","031-566-9982","1175"
"경기구리시수택점","경기","구리시","경기 구리시 원수택로","경기도구리시원수택로45","031","031-569-6622","1175"
"경기구리시인창점","경기","구리시","경기 구리시 건원대로","경기도구리시건원대로99번길80","031","031-565-4470","1175"
"경기군포시군포점","경기","군포시","경기 군포시 군포로","경기도군포시군포로490번길12","031","031-391-1147","1175"
"경기군포시금정점","경기","군포시","경기 군포시 당산로","경기도군포시당산로197번길4","031","031-396-9255","1175"
"경기군포시대야미점","경기","군포시","경기 군포시 대야로","경기도군포시대야1로13","031","031-438-7292","1175"
"경기군포시산본목련점","경기","군포시","경기 군포시 고산로","경기도군포시고산로643번길9","031","031-391-9250","1175"
"경기군포시산본역점[B]","경기","군포시","경기 군포시 쟁골길","경기도군포시쟁골2길16","031","031-398-7878","1175"
"경기김포시고촌점","경기","김포시","경기 김포시 고촌읍 은행영사정로","경기도김포시고촌읍은행영사정로35102","031","031-984-4492","1175"
"경기김포시김포1호점","경기","김포시","경기 김포시 관순로","경기도김포시관순로28","031","031-983-0998","1175"
"경기김포시마송점","경기","김포시","경기 김포시 통진읍 조강로","경기도김포시통진읍조강로102","031","031-998-7272","1175"
"경기김포시양곡점","경기","김포시","경기 김포시 김포한강로","경기도김포시김포한강9로121","031","031-981-1322","1175"
"경기김포시장기점","경기","김포시","경기 김포시 김포한강로","경기도김포시김포한강3로290-16","031","031-985-9945","1175"
"경기김포시풍무점","경기","김포시","경기 김포시 양도로","경기도김포시양도로18","031","031-982-5592","1175"
"경기남양주시광릉내점","경기","남양주시","경기 남양주시 진접읍 광릉내로","경기도남양주시진접읍광릉내로82번길27","031","031-575-8244","1175"
"경기남양주시금곡점","경기","남양주시","경기 남양주시 경춘로","경기도남양주시경춘로992번길1","031","031-591-4292","1175"
"경기남양주시덕소2호점","경기","남양주시","경기 남양주시 와부읍 수레로","경기도남양주시와부읍수레로59","031","031-521-6249","1175"
"경기남양주시덕소점[B]","경기","남양주시","경기 남양주시 와부읍 덕소로","경기도남양주시와부읍덕소로284번길10-7","031","031-577-9005","1175"
"경기남양주시도농점","경기","남양주시","경기 남양주시 미금로","경기도남양주시미금로42번길20-1","031","031-551-6692","1175"
"경기남양주시별내2호점","경기","남양주시","경기 남양주시 두물로","경기남양주시두물로39번길22-14","031","031-574-4479","1175"
"경기남양주시별내점","경기","남양주시","경기 남양주시 불암산로","경기도남양주시별내3로63","031","031-529-4479","1175"
"경기남양주시사능점","경기","남양주시","경기 남양주시 진건읍 진건오남로","경기도남양주시진건읍진건오남로86번길36","031","031-575-8123","1175"
"경기남양주시수동점","경기","남양주시","경기 남양주시 수동면 비룡로","경기도남양주시수동면비룡로788","031","031-511-2230","1175"
"경기남양주시오남리점","경기","남양주시","경기 남양주시 오남읍 진건오남로","경기도남양주시오남읍진건오남로595-22","031","031-574-9989","1175"
"경기남양주시월산점","경기","남양주시","경기 남양주시 화도읍 경춘로","경기도남양주시화도읍경춘로2186","031","031-593-3233","1175"
"경기남양주시진접지구점","경기","남양주시","경기 남양주시 진접읍 해밀예당로","경기도남양주시진접읍해밀예당2로125","031","031-574-4492","1175"
"경기남양주시창현점","경기","남양주시","경기 남양주시 화도읍 창현로","경기도남양주시화도읍수레로1234-26","031","031-593-4482","1175"
"경기남양주시천마산점","경기","남양주시","경기 남양주시 화도읍 먹갓로","경기남양주시화도읍먹갓로28번길15","031","031-559-9233","1175"
"경기남양주시퇴계원점","경기","남양주시","경기 남양주시 퇴계원면 퇴계원로","경기남양주시퇴계원면퇴계원로78번길3-2","031","031-571-9925","1175"
"경기남양주시평내점","경기","남양주시","경기 남양주시 경춘로","경기도남양주시경춘로1286번안길24","031","031-556-4479","1175"
"경기남양주시호평점","경기","남양주시","경기도 남양주시 천마산로","경기남양주시천마산로16번길2","031","031-559-6054","1175"
"경기동두천시생연점","경기","동두천시","경기 동두천시 삼육사로","경기도동두천시삼육사로980","031","031-862-9298","1175"
"경기동두천시송내지구점","경기","동두천시","경기 동두천시 동두천로","경기도동두천시동두천로149","031","031-857-4144","1175"
"경기동두천시중앙점","경기","동두천시","경기 동두천시 동광로","경기도동두천시동광로81번길15","031","031-861-2234","1175"
"경기부천시고강점","경기","부천시","경기 부천시 오정구 역곡로","경기도부천시오정구역곡로472번길31","032","032-683-2511","1175"
"경기부천시범박점","경기","부천시","경기 부천시 소사구 소사동로","경기도부천시소사구소사동로93","032","032-349-5551","1175"
"경기부천시상동북부점","경기","부천시","경기 부천시 원미구 송내대로","경기도부천시원미구송내대로265번길37","032","032-329-4555","1175"
"경기부천시상동점","경기","부천시","경기 부천시 원미구 조마루로","경기부천시조마루로105번길8-8","032","032-324-9282","1175"
"경기부천시소사점","경기","부천시","경기 부천시 소사구 은성로","경기도부천시소사구은성로68번길23","032","032-351-9989","1175"
"경기부천시송내점","경기","부천시","경기 부천시 소사구 송내대로","경기도부천시소사구송내대로30번길71","032","032-655-6573","1175"
"경기부천시심곡북부점","경기","부천시","경기 부천시 원미구 부흥로","경기도부천시원미구부흥로450","032","032-666-9272","1175"
"경기부천시심곡점","경기","부천시","경기 부천시 소사구 심곡로","경기도부천시소사구심곡로67번길67","032","032-612-9120","1175"
"경기부천시여월점","경기","부천시","경기 부천시 오정구 삼작로","경기부천시삼작로335","032","032-682-4479","1175"
"경기부천시역곡남부점","경기","부천시","경기 부천시 소사구 부광로","경기도부천시소사구부광로23","032","032-342-5554","1175"
"경기부천시역곡점","경기","부천시","경기 부천시 원미구 역곡로","경기도부천시원미구역곡로20번길86","032","032-341-9992","1175"
"경기부천시오정점","경기","부천시","경기 부천시 오정구 부천로","경기도부천시오정구부천로478번길96","032","032-672-9494","1175"
"경기부천시원미점","경기","부천시","경기 부천시 원미구 조마루로","경기도부천시원미구조마루로386번길26","032","032-614-7272","1175"
"경기부천시원종점","경기","부천시","경기 부천시 오정구 소사로","경기도부천시오정구소사로775번길50","032","032-675-5592","1175"
"경기부천시중동1점","경기","부천시","경기 부천시 원미구 중동로","경기부천시중동로171번길13-1","032","032-657-9282","1175"
"경기부천시중동약대점","경기","부천시","경기 부천시 원미구 도약로","경기도부천시원미구도약로221번길64","032","032-682-9982","1175"
"경기성남시구미점","경기","성남시","경기 성남시 분당구","경기도성남시분당구미금로45","031","031-712-9285","1175"
"경기성남시금광점","경기","성남시","경기 성남시 중원구 산성대로","경기도성남시중원구산성대로382번길58","031","031-742-9282","1175"
"경기성남시도촌점","경기","성남시","경기 성남시 중원구 도촌로","경기도성남시중원구도촌로12","031","031-721-4479","1175"
"경기성남시동판교점[B]","경기","성남시","경기 성남시 분당구 동판교로","경기성남시분당구동판교로52번길17-4","031","031-8017-2226","1175"
"경기성남시상대원점","경기","성남시","경기 성남시 중원구 박석로","경기도성남시중원구박석로93번길2-1","031","031-735-4777","1175"
"경기성남시서판교점","경기","성남시","경기 성남시 분당구 판교로","경기성남시분당구판교로25번길22-6","031","031-8017-4479","1175"
"경기성남시서현점[B]","경기","성남시","경기 성남시 분당구 중앙공원로","경기도성남시분당구중앙공원로54234동104호","031","031-715-7978","1175"
"경기성남시성남점","경기","성남시","경기 성남시 중원구 원터로","경기성남시중원구원터로105번길8","031","031-755-7551","1175"
"경기성남시수내점[B]","경기","성남시","경기 성남시 분당구 발이봉북로","경기성남시분당구발이봉북로24번길1","031","031-715-7975","1175"
"경기성남시수진점","경기","성남시","경기 성남시 수정구 산성대로","경기도성남시수정구산성대로157번길27-2","031","031-752-9936","1175"
"경기성남시신흥점","경기","성남시","경기 성남시 수정구 수정남로","경기도성남시수정구수정남로236-1","031","031-742-9913","1175"
"경기성남시야탑점","경기","성남시","경기 성남시 분당구 매화로","경기성남시분당구매화로48번길12-6","031","031-706-4479","1175"
"경기성남시위례중앙점","경기","성남시","경기 성남시 수정구 위례서일로1길","경기성남시수정구위례서일로1길21-8","031","031-721-4482","1175"
"경기성남시이매점","경기","성남시","경기 성남시 분당구 성남대로","경기도성남시분당구성남대로779번길52","031","031-703-4471","1175"
"경기성남시정자2호점","경기","성남시","경기 성남시 분당구 정자로","경기도성남시분당구정자로143","031","031-715-4462","1175"
"경기성남시정자점","경기","성남시","경기 성남시 분당구 백현로","경기도성남시분당구백현로152","031","031-714-4482","1175"
"경기성남시태평점","경기","성남시","경기 성남시 수정구 탄리로","경기성남시수정구탄리로132번길9","031","031-751-9913","1175"
"경기수원시고색오목점","경기","수원시","경기 수원시 권선구 고산로","경기도수원시권선구고산로27번길43","031","031-291-6630","1175"
"경기수원시곡반정점","경기","수원시","경기 수원시 권선구 곡선로","경기도수원시권선구곡선로50번길22-10","031","031-267-4479","1175"
"경기수원시광교1호점","경기","수원시","경기 수원시 영통구 법조로","경기수원시영통구법조로149번길171","031","031-214-4479","1175"
"경기수원시구운탑동점","경기","수원시","경기 수원시 권선구 구운로","경기도수원시권선구구운로57번길3","031","031-278-3001","1175"
"경기수원시권선점[B]","경기","수원시","경기 수원시 권선구 권중로","경기수원시권선구권중로56번길35","031","031-232-4479","1175"
"경기수원시매교세류점","경기","수원시","경기 수원시 팔달구 효원로","경기도수원시팔달구효원로73","031","031-898-5993","1175"
"경기수원시매탄2동점","경기","수원시","경기 수원시 영통구 산남로","경기도수원시영통구산남로74","031","031-212-0055","1175"
"경기수원시매탄권선점","경기","수원시","경기 수원시 영통구 권선로","경기도수원시영통구권선로811","031","031-235-7795","1175"
"경기수원시세류2호점","경기","수원시","경기 수원시 권선구 덕영대로","경기도수원시권선구덕영대로1152번길38","031","031-226-4482","1175"
"경기수원시신매탄점","경기","수원시","경기 수원시 영통구 매탄로","경기수원시영통구매탄로140번길54-2","031","031-217-9577","1175"
"경기수원시신영통점","경기","수원시","경기 수원시 영통구 태장로","경기도수원시영통구태장로7번길6","031","031-205-9285","1175"
"경기수원시연무점[B]","경기","수원시","경기 수원시 장안구 연무로","경기수원시장안구연무로33","031","031-257-4392","1175"
"경기수원시영통1호점","경기","수원시","경기 수원시 영통구 매영로","경기수원시영통구매영로398번길4","031","031-273-9285","1175"
"경기수원시영화점[B]","경기","수원시","경기 수원시 장안구 장안로","경기수원시장안구장안로30","031","031-257-4479","1175"
"경기수원시우만점","경기","수원시","경기 수원시 팔달구 중부대로","경기도수원시팔달구중부대로223번길20-7","031","031-211-8208","1175"
"경기수원시율천점","경기","수원시","경기 수원시 장안구 율전로","경기도수원시장안구율전로80번길5","031","031-293-9291","1175"
"경기수원시인계점","경기","수원시","경기 수원시 팔달구 장다리로","경기수원시팔달구장다리로245번길21","031","031-221-1292","1175"
"경기수원시인계중앙점","경기","수원시","경기 수원시 팔달구 권광로","경기수원시팔달구권광로243","031","031-212-4495","1175"
"경기수원시정자1동점","경기","수원시","경기 수원시 장안구 대평로","경기도수원시장안구대평로162번길50","031","031-258-4492","1175"
"경기수원시정자2동점","경기","수원시","경기 수원시 장안구 수성로","경기수원시장안구수성로245번길30","031","031-255-4492","1175"
"경기수원시조원점","경기","수원시","경기 수원시 장안구 조원로","경기도수원시장안구조원로107","031","031-245-9291","1175"
"경기수원시호매실점","경기","수원시","경기 수원시 권선구 매실로","경기도수원시권선구매실로34","031","031-298-9299","1175"
"경기수원시화서꽃뫼점","경기","수원시","경기 수원시 팔달구 일월로","경기도수원시팔달구일월로18번길4-13","031","031-278-4492","1175"
"경기수원시화서점","경기","수원시","경기 수원시 팔달구 팔달로","경기수원시팔달구팔달로119번길34-1","031","031-242-5582","1175"
"경기시흥시거모점[B]","경기","시흥시","경기 시흥시 한우물로","경기도시흥시한우물로25","031","031-495-4479","1175"
"경기시흥시능곡점","경기","시흥시","경기 시흥시 장현능곡로","경기도시흥시장현능곡로178","031","031-318-9222","1175"
"경기시흥시목감점","경기","시흥시","경기 시흥시 논곡길","경기시흥시논곡길1","031","031-411-4479","1175"
"경기시흥시시화점","경기","시흥시","경기 시흥시 중심상가로","경기도시흥시중심상가로39","031","031-434-9998","1175"
"경기시흥시신천점[B]","경기","시흥시","경기 시흥시 신천로","경기시흥시신천로100번안길10","031","031-315-9922","1175"
"경기시흥시연성2지구점","경기","시흥시","경기 시흥시 장곡로","경기시흥시장곡로15","031","031-318-4492","1175"
"경기시흥시오이도역점","경기","시흥시","경기 시흥시 함송로","경기도시흥시함송로24","031","031-499-7192","1175"
"경기시흥시월곶점","경기","시흥시","경기 시흥시 월곶중앙로","경기도시흥시월곶중앙로90","031","031-404-7706","1175"
"경기시흥시은행점","경기","시흥시","경기 시흥시 은행로","경기도시흥시은행로167번길3","031","031-404-5551","1175"
"경기시흥시정왕점","경기","시흥시","경기 시흥시 정왕천로","경기도시흥시정왕천로427번길6-1102호","031","031-432-0961","1175"
"경기안산시본오1호점","경기","안산시","경기 안산시 상록구 반석로","경기도안산시상록구반석로80","031","031-406-3274","1175"
"경기안산시본오2호점","경기","안산시","경기 안산시 상록구 본원로","경기안산시상록구본원로2길3","031","031-408-4479","1175"
"경기안산시사동점","경기","안산시","경기 안산시 상록구 감골로","경기도안산시상록구감골2로47","031","031-406-0999","1175"
"경기안산시선부1동점","경기","안산시","경기 안산시 단원구 선부광장서로","경기도안산시단원구선부광장서로1길5바동108호","031","031-402-4003","1175"
"경기안산시선부1점","경기","안산시","경기 안산시 단원구 화정천서로","경기도안산시단원구화정천서로3길8-1","031","031-480-9931","1175"
"경기안산시신길지구점","경기","안산시","경기 안산시 단원구 도일로","경기도안산시단원구도일로24","031","031-508-0202","1175"
"경기안산시신도시점","경기","안산시","경기 안산시 단원구 광덕로","경기도안산시단원구광덕3로215","031","031-414-4479","1175"
"경기안산시와동점","경기","안산시","경기 안산시 단원구 선부로","경기도안산시단원구선부로244","031","031-401-4406","1175"
"경기안산시원곡점","경기","안산시","경기 안산시 단원구 원선로","경기도안산시단원구원선로55","031","031-492-7755","1175"
"경기안산시월피점","경기","안산시","경기 안산시 상록구 예술광장로","경기도안산시상록구예술광장1로48","031","031-405-4492","1175"
"경기안산시일동점","경기","안산시","경기 안산시 상록구 식물원로","경기안산시상록구식물원로4길7","031","031-502-4479","1175"
"경기안산시중앙점[B]","경기","안산시","경기 안산시 단원구 예술대학로","경기도안산시단원구예술대학로147","031","031-405-4482","1175"
"경기안산시초지점","경기","안산시","경기 안산시 단원구 초지로","경기도안산시단원구초지로128","031","031-487-4485","1175"
"경기안성시공도2점","경기","안성시","경기 안성시 공도읍 공도3로","경기안성시공도읍공도3로34-1","031","031-652-8279","1175"
"경기안성시동아방송대점","경기","안성시","경기 안성시 삼죽면 동아예대길","경기안성시삼죽면동아예대길61-3","031","031-674-4447","1175"
"경기안성시안성1점[B]","경기","안성시","경기 안성시 안성맞춤대로","경기안성시안성맞춤대로1104","031","031-674-4430","1175"
"경기안성시일죽점","경기","안성시","경기 안성시 일죽면 금일로","경기안성시일죽면금일로476-1","031","031-672-5648","1175"
"경기안성시죽산점","경기","안성시","경기 안성시 죽산면 중부길","경기안성시죽산면중부길39","031","031-676-8929","1175"
"경기안성시중앙대점","경기","안성시","경기 안성시 대덕면 중앙대학로","경기안성시대덕면중앙대학로1461층","031","031-675-4479","1175"
"경기안성시홍익점","경기","안성시","경기 안성시 금광면 신양복길","경기안성시금광면신양복길1","031","031-677-4492","1175"
"경기안양시관양비산점","경기","안양시","경기 안양시 동안구 평촌대로","경기안양시동안구평촌대로382","031","031-386-4490","1175"
"경기안양시관양지구점","경기","안양시","경기 안양시 동안구 관악대로","경기안양시동안구관악대로374번길19","031","031-422-4479","1175"
"경기안양시박달점","경기","안양시","경기 안양시 만안구 양화로","경기안양시만안구양화로148번길15","031","031-445-9282","1175"
"경기안양시비산1호점","경기","안양시","경기 안양시 동안구 경수대로","경기안양시동안구경수대로970-16","031","031-465-0123","1175"
"경기안양시석수점","경기","안양시","경기 안양시 만안구 석천로","경기안양시만안구석천로167-3","031","031-474-7200","1175"
"경기안양시안양1호점","경기","안양시","경기 안양시 만안구 냉천로","경기안양시만안구냉천로175번길6","031","031-465-5882","1175"
"경기안양시안양2호점","경기","안양시","경기 안양시 만안구 냉천로","경기안양시만안구냉천로22","031","031-443-9294","1175"
"경기안양시평촌1호점","경기","안양시","경기 안양시 동안구 달안로","경기안양시동안구달안로153","031","031-387-9922","1175"
"경기안양시평촌2호점","경기","안양시","경기 안양시 동안구 관평로","경기안양시동안구관평로138번길24","031","031-476-2073","1175"
"경기안양시호계2호점","경기","안양시","경기 안양시 동안구 전파로","경기안양시동안구전파로88","031","031-478-8892","1175"
"경기안양시호계갈산점","경기","안양시","경기 안양시 동안구","경기안양시동안구경수대로610번길66","031","031-457-4479","1175"
"경기안양시호계오전점","경기","안양시","경기 안양시 동안구 포도원로","경기안양시동안구포도원로27","031","031-429-4456","1175"
"경기양주시고읍지구점","경기","양주시","경기 양주시 고읍로","경기도양주시고읍로35번길29-7","031","031-845-9282","1175"
"경기양주시광적점","경기","양주시","경기 양주시 광적면 삼일로","경기도양주시광적면삼일로23","031","031-836-3436","1175"
"경기양주시덕계점","경기","양주시","경기 양주시 평화로","경기도양주시평화로1412","031","031-864-9982","1175"
"경기양주시덕정점","경기","양주시","경기 양주시 화합로","경기도양주시화합로1402번길24-50","031","031-859-4977","1175"
"경기양주시백석점","경기","양주시","경기 양주시 백석읍 양주산성로","경기도양주시백석읍양주산성로544","031","031-879-9114","1175"
"경기양주시송추점","경기","양주시","경기 양주시 장흥면 호국로","경기도양주시장흥면호국로569","031","031-826-1934","1175"
"경기양주시신산점","경기","양주시","경기 양주시 남면 개나리길","경기도양주시남면개나리11길38-4","031","031-861-9252","1175"
"경기양주시은현점","경기","양주시","경기 양주시 은현면 은현로","경기양주시은현면은현로61","031","031-861-8955","1175"
"경기양주시장흥점","경기","양주시","경기 양주시 장흥면 호국로","경기도양주시장흥면호국로177","031","031-855-5474","1175"
"경기양평군양평점","경기","양평군","경기 양평군 양평읍 양근로","경기도양평군양평읍해오름길2","031","031-775-3372","1175"
"경기양평군용두리점","경기","양평군","경기 양평군 청운면 용두로","경기도양평군청운면용두로141","031","031-772-4479","1175"
"경기양평군용문점","경기","양평군","경기 양평군 용문면 다문북길","경기도양평군용문면다문북길105","031","031-775-4044","1175"
"경기양평군한화리조트점","경기","양평군","경기 양평군 옥천면 신촌길","경기양평군옥천면신촌길188","031","-","1175"
"경기여주군가남점","경기","여주군","경기 여주군 가남면 경충대로","경기도여주시가남읍경충대로1162-20","031","031-883-8583","1175"
"경기여주군여주읍점","경기","여주군","경기 여주시 여흥로","경기도여주군여주읍여흥로157","031","031-885-8886","1175"
"경기여주군오학점","경기","여주군","경기 여주시 학동 1길","경기여주시학동1길53","031","031-885-4482","1175"
"경기연천군군남점","경기","연천군","경기 연천군 군남면 군왕로","경기도연천군군남면군왕로8","031","031-833-3555","1175"
"경기연천군대광리점","경기","연천군","경기 연천군 신서면 연신로","경기도연천군신서면연신로1155-1","031","031-834-8207","1175"
"경기연천군백학점","경기","연천군","경기 연천군 백학면 두백로","경기도연천군백학면두백로11-6","031","031-835-8508","1175"
"경기연천군연천점","경기","연천군","경기 연천군 연천읍 연천로","경기도연천군연천읍연천로330","031","031-834-8245","1175"
"경기연천군전곡점","경기","연천군","경기도 연천군 전곡읍 은전로","경기도연천군전곡읍은전로78번길30","031","031-832-9956","1175"
"경기오산시궐동점","경기","오산시","경기 오산시 궐동로","경기도오산시궐동로69번길7","031","031-378-4592","1175"
"경기오산시세교신도시점","경기","오산시","경기 오산시 오산대역로","경기도오산시오산대역로132번길30","031","031-374-9492","1175"
"경기오산시운암1점","경기","오산시","경기 오산시 운천로","경기도오산시운천로99","031","031-377-3171","1175"
"경기오산시원동갈곶점","경기","오산시","경기 오산시 밀머리로","경기도오산시밀머리로29","031","031-372-1370","1175"
"경기용인시강남대점","경기","용인시","경기 용인 기흥구 강남동로","경기용인시기흥구강남동로114번길22","031","031-274-1166","1175"
"경기용인시구성점","경기","용인시","경기 용인시 기흥구 마북로","경기도용인시기흥구마북로98","031","031-283-8114","1175"
"경기용인시동백지구점","경기","용인시","경기 용인시 기흥구 평촌로","경기도용인시기흥구평촌2로1번길9-1","031","031-275-0064","1175"
"경기용인시둔전점[B]","경기","용인시","경기 용인시 처인구 포곡읍 포곡로","경기용인시처인구포곡읍포곡로124번길9-1","031","031-321-4447","1175"
"경기용인시모현점","경기","용인시","경기 용인시 처인구 모현면 백옥대로","경기도용인시처인구모현면백옥대로2594","031","031-332-3434","1175"
"경기용인시백암점","경기","용인시","경기 용인시 백암로","경기도용인시처인구백암면백암로201번길13-4","031","031-321-9279","1175"
"경기용인시보라점","경기","용인시","경기 용인시 기흥구 한보라로","경기도용인시기흥구한보라2로14번길7-19","031","031-274-7379","1175"
"경기용인시상갈점","경기","용인시","경기 용인시 기흥구 금화로","경기도용인시기흥구금화로108번길28","031","031-287-4479","1175"
"경기용인시상현점","경기","용인시","경기 용인시 수지구 만현로","경기도용인시수지구만현로100","031","031-276-9291","1175"
"경기용인시서천점","경기","용인시","경기 용인시 기흥구 서천서로","경기도용인시기흥구서천서로12번길4-10","031","031-205-5225","1175"
"경기용인시수지2지구점","경기","용인시","경기 용인시 수지구 정평로","경기도용인시수지구정평로40-3","031","031-265-4988","1175"
"경기용인시신갈점","경기","용인시","경기 용인시 기흥구 용구대로","경기도용인시기흥구용구대로2152번길39","031","031-285-3784","1175"
"경기용인시신봉점","경기","용인시","경기 용인시 수지구 신봉로","경기용인시수지구신봉1로48번길11뉴골드프라자","031","031-263-4479","1175"
"경기용인시양지점","경기","용인시","경기 용인시 처인구 양지면 남곡로","경기용인시처인구양지면남곡로35","031","031-322-2570","1175"
"경기용인시용인1호점","경기","용인시","경기 용인시 처인구 중부대로","경기도용인시처인구중부대로1343번길10-17","031","031-336-9909","1175"
"경기용인시죽전1호점","경기","용인시","경기 용인시 수지구 푸른솔로","경기도용인시수지구푸른솔로81","031","031-263-9555","1175"
"경기용인시죽전2호점","경기","용인시","경기 용인시 수지구 죽전로","경기용인시수지구죽전로255","031","031-889-4777","1175"
"경기용인시풍덕천점","경기","용인시","경기 용인시 수지구 풍덕천로","경기도용인시수지구풍덕천로172번길3-15","031","031-896-6677","1175"
"경기용인시흥덕지구점[B]","경기","용인시","경기 용인시 기흥구 흥덕로","경기용인시기흥구흥덕1로50","031","031-212-4492","1175"
"경기의왕시내손동점","경기","의왕시","경기 의왕시 복지","경기도의왕시복지로82","031","031-426-9282","1175"
"경기의왕시부곡점","경기","의왕시","경기 의왕시 부곡중앙남길","경기도의왕시부곡중앙남6길86","031","031-462-4472","1175"
"경기의정부시가능2점","경기","의정부시","경기 의정부시 가능로","경기의정부시가능로39번길10","031","031-874-5550","1175"
"경기의정부시가능3점","경기","의정부시","경기 의정부시 호국로","경기도의정부시호국로1135번길25","031","031-829-8850","1175"
"경기의정부시금오점","경기","의정부시","경기 의정부시 하금로","경기도의정부시하금로25번길5","031","031-847-9670","1175"
"경기의정부시금오지구점","경기","의정부시","경기 의정부시 청사로","경기도의정부시청사로5번길8-17","031","031-853-9989","1175"
"경기의정부시녹양점","경기","의정부시","경기 의정부시 녹양로","경기의정부시녹양로62번길72","031","031-875-2388","1175"
"경기의정부시망월사역점","경기","의정부시","경기 의정부시 평화로","경기도의정부시평화로196","031","031-875-2929","1175"
"경기의정부시민락용현점","경기","의정부시","경기 의정부시 용현로","경기의정부시용현로120번길3","031","031-852-3400","1175"
"경기의정부시신곡점","경기","의정부시","경기 의정부시 시민로","경기도의정부시시민로176","031","031-842-9995","1175"
"경기의정부시신시가지점","경기","의정부시","경기 의정부시 범골로","경기의정부시범골로82번길30","031","031-879-6160","1175"
"경기의정부시의정부1점","경기","의정부시","경기 의정부시 호국로","경기도의정부시호국로1298번길18","031","031-846-9952","1175"
"경기의정부시장암점","경기","의정부시","경기 의정부시 장곡로","경기도의정부시장곡로322번길14-9","031","031-855-9003","1175"
"경기의정부시호원점","경기","의정부시","경기 의정부시 평화로","경기도의정부시평화로428번길14","031","031-871-0298","1175"
"경기이천시갈산점","경기","이천시","경기 이천시 영창로","경기도이천시영창로314번길51","031","031-634-4402","1175"
"경기이천시관고동점","경기","이천시","경기 이천시 영창로","경기이천시영창로66","031","031-631-7557","1175"
"경기이천시아미점","경기","이천시","경기 이천시 부발읍 경충대로","경기이천시부발읍경충대로2039","031","031-635-3991","1175"
"경기파주시광탄점","경기","파주시","경기 파주시 광탄면 새뜰길","경기도파주시광탄면새뜰길7","031","031-946-4492","1175"
"경기파주시금촌2동점","경기","파주시","경기 파주시 황골로","경기도파주시황골로69","031","031-949-4355","1175"
"경기파주시문산점","경기","파주시","경기 파주시 문산읍 문향로","경기도파주시문산읍문향로30","031","031-953-9479","1175"
"경기파주시법원리점","경기","파주시","경기 파주시 법원읍 사임당로","경기파주시법원읍사임당로791","031","031-959-1017","1175"
"경기파주시봉일천점","경기","파주시","경기 파주시 조리읍 송비말길","경기도파주시조리읍송비말길22","031","031-947-4192","1175"
"경기파주시선유점","경기","파주시","경기 파주시 문산읍 독서울길","경기파주시문산읍독서울1길22","031","031-953-1842","1175"
"경기파주시운정1점","경기","파주시","경기 파주시 와석순환로","경기파주시와석순환로307","031","031-948-2332","1175"
"경기파주시운정3점","경기","파주시","경기 파주시 한빛로","경기도파주시한빛로9","031","031-948-4472","1175"
"경기파주시적성점","경기","파주시","경기 파주시 적성면 청송로","경기파주시적성면청송로1020","031","031-958-7999","1175"
"경기파주시LCD점","경기","파주시","경기 파주시 월롱면 엘씨디로","경기파주시월롱면엘씨디로8번길34","031","031-949-3536","1175"
"경기평택시비전1호점","경기","평택시","경기 평택시 중앙로","경기평택시중앙로213","031","031-651-4479","1175"
"경기평택시세교점","경기","평택시","경기 평택시 세교상가길","경기평택시세교상가5길22","031","031-654-9288","1175"
"경기평택시소사벌점","경기","평택시","경기 평택시 비전6길","경기평택시비전6길28-5","031","031-692-9292","1175"
"경기평택시안중점","경기","평택시","경기 평택시 안중읍 안현로서길","경기도평택시안중읍안현로서3길91","031","031-682-8414","1175"
"경기평택시용이지구점","경기","평택시","경기 평택시 현신로","경기도평택시현신로212","031","031-656-4479","1175"
"경기평택시이충장당점","경기","평택시","경기 평택시 이충로","경기도평택시서정역로36번길70-9","031","031-666-4479","1175"
"경기평택시지산점","경기","평택시","경기 평택시 지산로","경기도평택시지산로108-6","031","031-667-4492","1175"
"경기평택시청북점","경기","평택시","경기 평택시 청북면 안청로","경기도평택시청북면안청로1길12","031","031-682-8556","1175"
"경기평택시팽성점[B]","경기","평택시","경기 평택시 팽성읍 팽성대교길","경기도평택시팽성읍팽성대교길14","031","031-691-4479","1175"
"경기평택시포승점","경기","평택시","경기 평택시 포승읍 여술로","경기도평택시포승읍여술로43번길18","031","031-686-9799","1175"
"경기포천시가산점","경기","포천시","경기 포천시 가산면 가산로","경기포천시가산면가산로324","031","031-541-9585","1175"
"경기포천시내촌점","경기","포천시","경기 포천시 내촌면 내촌로","경기도포천시내촌면내촌로26","031","031-531-3222","1175"
"경기포천시송우점","경기","포천시","경기 포천시 소흘읍 봉솔로길","경기도포천시소흘읍봉솔로3길17","031","031-543-4244","1175"
"경기포천시신읍리점","경기","포천시","경기 포천시 왕방로","경기도포천시왕방로159","031","031-531-9280","1175"
"경기포천시양문점","경기","포천시","경기 포천시 영중면 양문로","경기도포천시영중면양문로87-1","031","031-532-6608","1175"
"경기포천시운천점","경기","포천시","경기 포천시 영북면 운천로","경기포천시영북면운천로16","031","031-534-9293","1175"
"경기포천시이동점","경기","포천시","경기 포천시 이동면 성장로","경기도포천시이동면장암1길9-1","031","031-531-9289","1175"
"경기포천시일동점","경기","포천시","경기 포천시 일동면 화동로","경기도포천시일동면화동로1063번길1-2","031","031-531-9288","1175"
"경기하남시덕풍점","경기","하남시","경기 하남시 신평로","경기도하남시신평로101번길27","031","031-795-1140","1175"
"경기하남시미사1점","경기","하남시","경기도 하남시 미사강변한강로","경기하남시미사강변한강로220번길27","031","031-792-7792","1175"
"경기하남시신장점","경기","하남시","경기 하남시 하남대로","경기도하남시하남대로777번길37","031","031-795-1120","1175"
"경기화성시남양점","경기","화성시","경기 화성시 남양시장로","경기도화성시남양시장로60","031","031-355-4484","1175"
"경기화성시동탄1호점","경기","화성시","경기 화성시 동탄지성로","경기화성시동탄지성로92","031","031-613-4492","1175"
"경기화성시동탄2호점","경기","화성시","경기 화성시 동탄반석로","경기도화성시동탄반석로39","031","031-613-1344","1175"
"경기화성시동탄3호점","경기","화성시","경기 화성시 여울로","경기화성시여울로21","031","031-8015-4479","1175"
"경기화성시동탄역점","경기","화성시","경기 화성시 동탄대로","경기도화성시동탄대로21가길4-31","031","031-375-4492","1175"
"경기화성시동탄청계점","경기","화성시","경기 화성시 동탄치 동천로 3길","경기화성시동탄치동천로3길28-1","031","031-374-4482","1175"
"경기화성시병점1호점","경기","화성시","경기 화성시 경기대로","경기도화성시경기대로1010번길18","031","031-234-9986","1175"
"경기화성시봉담점","경기","화성시","경기 화성시 봉담읍 오래길","경기화성시봉담읍오래2길5102호","031","031-297-4470","1175"
"경기화성시안녕점","경기","화성시","경기 화성시 화산중앙로","경기도화성시화산중앙로64번길3","031","031-235-4314","1175"
"경기화성시와우리점","경기","화성시","경기 화성시 봉담읍 와우로","경기도화성시봉담읍와우로119번길36-5","031","031-225-9291","1175"
"경기화성시팔탄점","경기","화성시","경기 화성시 팔탄면 구장길","경기화성시팔탄면구장길7","031","031-354-8550","1175"
"경기화성시향남1지구점","경기","화성시","경기 화성시 향남읍 행정서로2길","경기도화성시향남읍행정서로2길14-18","031","031-366-6200","1175"
"경기화성시향남2지구점","경기","화성시","경기 화성시 향남읍 한절이길","경기도화성시향남읍한절이2길14","031","031-358-0119","1175"
"경남거제시거제면점","경남","거제시","경남 거제시 읍내로","경남거제시거제면읍내로45","055","055-632-9266","1175"
"경남거제시상동점","경남","거제시","경남 거제시 거제중앙로","경남거제시거제중앙로1807","055","055-638-4481","1175"
"경남거제시아주점","경남","거제시","경남 거제시 용소길","경남거제시용소1길94","055","055-681-4442","1175"
"경남거제시옥포점","경남","거제시","경남 거제시 옥포대첩로","경남거제시옥포대첩로7길31","055","055-687-9234","1175"
"경남거제시장승포점","경남","거제시","경남 거제시 장승포로","경남거제시장승포로16","055","055-682-1073","1175"
"경남거제시장평점","경남","거제시","경남 거제시 장평로","경남거제시장평2로2길10","055","055-632-4492","1175"
"경남거제시중곡점","경남","거제시","경남 거제시 중곡로","경남거제시중곡로47","055","055-635-5092","1175"
"경남거제시지세포점","경남","거제시","경남 거제시 일운면 거제대로","경남거제시일운면거제대로2491103호","055","055-681-9892","1175"
"경남거창군거창1점","경남","거창군","경남 거창군 거창읍 아림로","경남거창군거창읍아림로47-1","055","055-943-4479","1175"
"경남고성군고성점","경남","고성군","경남 고성군 고성읍 성내로","경남고성군고성읍성내로27","055","055-673-5579","1175"
"경남김해시동상점","경남","김해시","경남 김해시 호계로","경남김해시호계로510","055","055-332-4479","1175"
"경남김해시삼계점","경남","김해시","경남 김해시 가야로","경남김해시가야로157번길17-18","055","055-339-9288","1175"
"경남김해시삼방점","경남","김해시","경남 김해시 삼안로","경남김해시삼안로158","055","055-335-4492","1175"
"경남김해시외동점","경남","김해시","경남 김해시 함박로","경남김해시함박로51","055","055-312-4492","1175"
"경남김해시율하1점","경남","김해시","경남 김해시 율하로","경남김해시율하1로12","055","055-321-4418","1175"
"경남김해시장유1호점","경남","김해시","경남 김해시 능동로","경남김해시능동로7번길15","055","055-311-4999","1175"
"경남김해시진례점","경남","김해시","경남 김해시 진례면 송현로","경남김해시진례면송현로57","055","055-346-4469","1175"
"경남김해시진영점","경남","김해시","경남 김해시 진영읍 장등로","경남김해시진영읍장등로19번길67101호","055","055-342-4485","1175"
"경남김해시팔판점","경남","김해시","경남 김해시 팔판로","경남김해시팔판로32","055","055-314-4492","1175"
"경남김해시한림점","경남","김해시","경남 김해시 한림면 한림로","경남김해시한림면한림로422번길4-2","055","055-345-9676","1175"
"경남남해군남해점","경남","남해군","경남 남해군 남해읍 화전로","경남남해군남해읍화전로78번가길23","055","055-864-1700","1175"
"경남남해군상주점","경남","남해군","경남 남해군 상주면 남해대로","경남남해군상주면남해대로697","055","055-862-9049","1175"
"경남마산시해운점","경남","창원시","경남 창원시 마산합포구 월영동길","경남창원시마산합포구월영동11길42","055","055-241-8896","1175"
"경남마산시호계점","경남","창원시","경남 창원시 마산회원구 내서읍 호원로","경남창원시마산회원구내서읍호원로190","055","055-231-5666","1175"
"경남밀양시내일점","경남","밀양시","경남 밀양시 약산로","경남밀양시약산로33","055","055-353-4992","1175"
"경남밀양시삼문점","경남","밀양시","경남 밀양시 미리벌중앙로 85","경남밀양시미리벌중앙로85","055","055-356-7077","1175"
"경남사천시사천점[B]","경남","사천시","경남 사천시 정동면 진삼로","경남사천시정동면진삼로1324","055","055-852-4479","1175"
"경남사천시삼천포점","경남","사천시","경남 사천시 벌리로","경남사천시벌리로17","055","055-833-4498","1175"
"경남산청군덕산점","경남","산청군","경남 산청군 시천면 남명로","경남산청군시천면남명로203-3","055","055-973-4004","1175"
"경남양산시남부점","경남","양산시","경남 양산시 중앙로","경남양산시양주로42","055","055-382-4492","1175"
"경남양산시덕계1호점","경남","양산시","경남 양산시 평산남4길","경남양산시평산남4길8","055","055-367-4780","1175"
"경남양산시범어점","경남","양산시","경남 양산시 물금읍 화합길","경남양산시물금읍화합길26","055","055-382-9299","1175"
"경남양산시북정점","경남","양산시","경남 양산시 북정중앙로","경남양산시북정중앙로14","055","055-365-4492","1175"
"경남양산시서창점","경남","양산시","경남 양산시 삼호동부길","경남양산시삼호동부7길10","055","055-366-9255","1175"
"경남양산시석산점","경남","양산시","경남 양산시 동면 금오길","경남양산시동면금오7길6","055","055-382-4479","1175"
"경남양산시어곡점","경남","양산시","경남 양산시 어실로","경남양산시어실로155","055","055-910-5595","1175"
"경남양산시증산1호점","경남","양산시","경남 양산시 물금읍 백호길","경남양산시물금읍백호2길17-10","055","055-384-4492","1175"
"경남의령군의령점","경남","의령군","경남 의령군 의령읍 의병로","경남의령군의령읍의병로20길25-3","055","055-572-4492","1175"
"경남진주시가호점","경남","진주시","경남 진주시 개양로","경남진주시진주대로542번길7","055","055-756-2008","1175"
"경남진주시금산점","경남","진주시","경남 진주시 금산면 금산로","경남진주시금산면금산로52번길4","055","055-761-0144","1175"
"경남진주시도동점","경남","진주시","경남 진주시 대신로","경남진주시대신로363","055","055-763-4482","1175"
"경남진주시망경점","경남","진주시","경남 진주시 진주대로","경남진주시진주대로953번길10","055","055-763-4492","1175"
"경남진주시문산혁신점","경남","진주시","경남 진주시 문산읍 소문길","경남진주시문산읍소문길21","055","055-756-4477","1175"
"경남진주시상대점","경남","진주시","경남 진주시 돗골로","경남진주시돗골로117번길4","055","055-753-7856","1175"
"경남진주시신안점","경남","진주시","경남 진주시 진양호로","경남진주시진양호로311-1","055","055-741-1255","1175"
"경남진주시중앙상봉점","경남","진주시","경남 진주시 진주성로","경남진주시진주성로87","055","055-746-4479","1175"
"경남진주시판문점","경남","진주시","경남 진주시 새평거로","경남진주시새평거로75상가-104호","055","055-745-4479","1175"
"경남진해시석동점","경남","창원시","경남 창원시 진해구 진해대로","경남창원시진해구진해대로801번길14","055","055-551-4492","1175"
"경남창녕군남지점","경남","창녕군","경남 창녕군 난지읍 남지중앙2길","경남창녕군남지읍남지중앙2길69103-1호","055","055-536-9277","1175"
"경남창원시가음점","경남","창원시","경남 창원시 성산구 가양로","경남창원시성산구가양로48-1","055","055-283-9989","1175"
"경남창원시감계점","경남","창원시","경남 창원시 의창구 북면 감계로","경남창원시의창구북면감계로297휴먼빌아파","055","055-298-4417","1175"
"경남창원시내서삼계점","경남","창원시","경남 창원시 마산회원구 내서읍 삼계숲길","경남창원시마산회원구내서읍삼계숲길27","055","055-231-9989","1175"
"경남창원시대방점","경남","창원시","경남 창원시 성산구 대암로","경남창원시성산구대암로1161층","055","055-285-4492","1175"
"경남창원시도계점","경남","창원시","경남 창원시 의창구 원이대로","경남창원시의창구원이대로69번길301층","055","055-265-4492","1175"
"경남창원시동읍점","경남","창원시","경남 창원시 의창구 동읍 의창대로","경남창원시의창구동읍의창대로868-1","055","055-292-4479","1175"
"경남창원시명곡점","경남","창원시","경남 창원시 의창구 명지로","경남창원시의창구명지로84번길9","055","055-288-4479","1175"
"경남창원시반송1호점","경남","창원시","경남 창원시 의창구 용지로153번길","경남창원시의창구용지로153번길10","055","055-266-4499","1175"
"경남창원시반지점","경남","창원시","경남 창원시 성산구 반송로","경남창원시성산구반송로22","055","055-237-4479","1175"
"경남창원시봉곡점","경남","창원시","경남 창원시 의창구 봉곡로","경남창원시의창구봉곡로56","055","055-277-4495","1175"
"경남창원시북면온천점","경남","창원시","경남 창원시 의창구 북면 천주로","경남창원시의창구북면천주로1165번길21","055","055-298-8899","1175"
"경남창원시사파점","경남","창원시","경남 창원시 성산구 동산로","경남창원시성산구동산로194","055","055-267-8001","1175"
"경남창원시상남점","경남","창원시","경남 창원시 성산구 토월로","경남창원시성산구토월로80","055","055-282-1157","1175"
"경남창원시석전점","경남","창원시","경남 창원시 마산회원구 석전남8길","경남창원시마산회원구석전남8길59","055","055-255-4492","1175"
"경남창원시소답점","경남","창원시","경남 창원시 의창구 읍성로","경남창원시의창구읍성로17번길8","055","055-251-4479","1175"
"경남창원시양덕1호점","경남","창원시","경남 창원시 마산회원구 양덕북길","경남창원시마산회원구양덕북10길8","055","055-251-4492","1175"
"경남창원시용원점","경남","창원시","경남 창원시 진해구 안골로","경남창원시진해구안골로348","055","055-552-4492","1175"
"경남창원시월영점","경남","창원시","경남 창원시 마산합포구 월영북로","경남창원시마산합포구월영북로21","055","055-247-4482","1175"
"경남창원시중앙여좌점","경남","창원시","경남 창원시 진해구 편백로","경남창원시진해구편백로14번길12-1","055","055-542-9942","1175"
"경남창원시진동점","경남","창원시","경남 창원시 마산합포구 진동면 삼진의거대로","경남창원시마산합포구진동면삼진의거대로639","055","055-271-9444","1175"
"경남창원시창동점","경남","창원시","경남 창원시 마산합포구 남성로","경남창원시마산합포구남성로130-1","055","055-222-4492","1175"
"경남창원시팔용점","경남","창원시","경남 창원시 의창구 남산로","경남창원시의창구남산로251층","055","055-297-4491","1175"
"경남창원시풍호점","경남","창원시","경남 창원시 진해구 풍호로","경남창원시진해구풍호로61","055","055-547-4492","1175"
"경남창원시합성1호점","경남","창원시","경남 창원시 마산회원구 합성동길","경남창원시마산회원구합성동6길13","055","055-255-4479","1175"
"경남창원시회원점","경남","창원시","경남 창원시 마산회원구 북성로","경남창원시마산회원구북성로166","055","055-248-1794","1175"
"경남창원시NC다이노스점","경남","창원시","경남 창원시 마산회원구 삼호로","경남창원시마산회원구삼호로63","055","-","1175"
"경남통영시도남점","경남","통영시","경남 통영시 서송정1길","경남통영시서송정1길32-3","055","055-645-6737","1175"
"경남통영시북신점","경남","통영시","경남 통영시 북신동 해미당길","경남통영시북신동해미당화목토길화목토0","055","055-642-5592","1175"
"경남통영시죽림점","경남","창원시","경남 통영시 광도면 죽림3로","경남통영시광도면죽림3로43-11","055","055-649-4479","1175"
"경남하동군하동점","경남","하동군","경남 하동군 하동읍 중앙로","경남하동군하동읍중앙로18","055","055-884-4431","1175"
"경남함안군군북점","경남","함안군","경남 함안군 군북면 중암길","경남함안군군북면중암7길12","055","055-584-9289","1175"
"경남함안군함안점","경남","함안군","경남 함안군 가야읍 함안대로","경남함안군가야읍함안대로555","055","055-585-9289","1175"
"경남함양군서하점","경남","함양군","경남 함양군 서하면 함양남서로","경남함양군서하면함양남서로3938","055","055-963-9266","1175"
"경남함양군함양점","경남","함양군","경남 함양군 함양읍 용평길","경남함양군함양읍용평길8","055","055-963-6446","1175"
"경남합천군합천점","경남","합천군","경남 합천군 합천읍 충효로","경남합천군합천읍충효로98-17","055","055-932-0015","1175"
"경북경산시계양사동점","경북","경산시","경북 경산시 계양로","경북경산시계양로8길38","053","053-802-4482","1175"
"경북경산시서부백천점","경북","경산시","경북 경산시 경산로","경북경산시경산로28부영2차아파트상가103호","053","053-801-9900","1175"
"경북경산시영대점","경북","경산시","경북 경산시 대학로","경북경산시대학로61길6-5","053","053-818-8992","1175"
"경북경산시옥산정평점","경북","경산시","경북 경산시 대학로","경북경산시대학로16길31","053","053-812-6636","1175"
"경북경산시진량점","경북","경산시","경북 경산시 진량읍 영청길","경북경산시진량읍영청길15","053","053-857-9995","1175"
"경북경산시하양점","경북","경산시","경북 경산시 하양읍 하양역길","경북경산시하양읍하양역길18","053","053-853-4479","1175"
"경북경주시강동점","경북","경주시","경북 경주시 강동면 동해대로","경북경주시강동면동해대로166-11","054","054-762-4479","1175"
"경북경주시건천점","경북","경주시","경북 경주시 건천읍 대곡용명길","경북경주시건천읍대곡용명길24","054","054-751-4479","1175"
"경북경주시금장점","경북","경주시","경북 경주시 현곡면 안현로","경북경주시현곡면안현로68-3","054","054-743-4479","1175"
"경북경주시내남점","경북","경주시","경북 경주시 이조중앙길","경북경주시내남면이조중앙길13-1","054","054-748-4479","1175"
"경북경주시동천점","경북","경주시","경북 경주시 동천로","경북경주시동천로30번길14-2","054","054-775-9973","1175"
"경북경주시성건점","경북","경주시","경북 경주시 금성로","경북경주시금성로396번길5","054","054-774-9901","1175"
"경북경주시안강점","경북","경주시","경북 경주시 안강읍 구부랑길","경북경주시안강읍구부랑길42","054","054-761-8999","1175"
"경북경주시외동점","경북","경주시","경북 경주시 입실로","경북경주시외동읍입실로1길58","054","054-741-4479","1175"
"경북경주시충효점","경북","경주시","경북 경주시 충효녹지길","경북경주시충효녹지길36-6","054","054-776-4479","1175"
"경북경주시황성점","경북","경주시","경북 경주시 황성로","경북경주시황성로69번길38-6","054","054-776-5770","1175"
"경북고령군고령점","경북","고령군","경북 고령군 고령읍 시장길","경북고령군고령읍시장1길11","054","054-954-4479","1175"
"경북구미시공단비산점","경북","구미시","경상북도 구미시 비산로5길","경상북도구미시비산로5길28","054","054-463-5066","1175"
"경북구미시봉곡도량점","경북","구미시","경북 구미시 도봉로","경북구미시도봉로3길3-3","054","054-443-4482","1175"
"경북구미시산동확장단지점","경북","구미시","경북 구미시 산동면 신당인덕1로","경북구미시산동면신당인덕1로139","054","054-473-4479","1175"
"경북구미시상모사곡점","경북","구미시","경북 구미시 상사서로","경북구미시상사서로12길3","054","054-465-4479","1175"
"경북구미시선산점","경북","구미시","경북 구미시 선산읍 남문로","경북구미시선산읍남문로3길17","054","054-481-9191","1175"
"경북구미시송정원평점","경북","구미시","경북 구미시 금오산로","경북구미시금오산로22길15-14","054","054-443-4479","1175"
"경북구미시신평점","경북","구미시","경북 구미시 신비로","경상북도구미시신비로26","054","054-463-4479","1175"
"경북구미시옥계점","경북","구미시","경북 구미시 산호대로","경북구미시산호대로25길26-3","054","054-471-4490","1175"
"경북구미시원호도량1동점","경북","구미시","경북 구미시 고아읍 문장로","경북구미시고아읍문장로22길20103호","054","054-444-8244","1175"
"경북구미시인동점","경북","구미시","경북 구미시 인동길","경북구미시인동39길22-65","054","054-474-4478","1175"
"경북구미시임수황상점","경북","구미시","경북 구미시 인동북길","경북구미시인동북길25","054","054-471-7227","1175"
"경북구미시형곡점","경북","구미시","경북 구미시 형곡로","경북구미시형곡로90","054","054-442-9979","1175"
"경북김천시김천1점","경북","김천시","경북 김천시 김천로","경북김천시김천로24-1","054","054-430-4482","1175"
"경북김천시덕곡율곡점","경북","김천시","경북 김천시 영남대로","경북김천시영남대로2040-6","054","054-434-4470","1175"
"경북김천시신음삼락점","경북","김천시","경북 김천시 시청로","경북김천시시청로40","054","054-437-4479","1175"
"경북김천시아포점","경북","김천시","경북 김천시 아포읍 한지길","경북김천시아포읍한지2길64-4","054","054-436-4492","1175"
"경북문경시문경점","경북","문경시","경북 문경시 점촌로","경북문경시점촌로8","054","054-555-8858","1175"
"경북봉화군봉화점","경북","봉화군","경북 봉화군 봉화읍 내성로","경북봉화군봉화읍내성로1길41-1","054","054-673-4420","1175"
"경북상주시상주2호점","경북","상주시","경북 상주시 동수길","경북상주시동수4길33제상가동101호","054","054-533-4423","1175"
"경북상주시함창점","경북","상주시","경북 상주시 함창읍 함창시장길","경북상주시함창읍함창시장2길2","054","054-541-4479","1175"
"경북안동시안동점","경북","안동시","경북 안동시 서동문로","경북안동시서동문로86","054","054-858-9930","1175"
"경북안동시옥동송현점","경북","안동시","경북 안동시 광명로","경북안동시광명로126","054","054-855-4479","1175"
"경북안동시용상점","경북","안동시","경북 안동시 경동로","경북안동시경동로889","054","054-821-9901","1175"
"경북영덕군영덕점","경북","영덕군","경북 영덕군 영덕읍 군청길","경북영덕군영덕읍군청길133","054","054-733-0054","1175"
"경북영덕군영해점","경북","영덕군","경북 영덕군 영해면 예주시장길","경북영덕군영해면예주시장길16-1","054","054-734-3553","1175"
"경북영주시영주2점","경북","영주시","경북 영주시 구성로","경북영주시구성로389로얄상가111호","054","054-636-9994","1175"
"경북영주시풍기점","경북","영주시","경북 영주시 풍기읍 동성로","경북영주시풍기읍동성로68","054","054-638-9288","1175"
"경북영주시휴천점","경북","영주시","경북 영주시 대학로","경북영주시대학로36","054","054-636-8787","1175"
"경북영천시야사점","경북","영천시","경북 영천시 망정로","경북영천시망정로60","054","054-333-3733","1175"
"경북예천시예천점","경북","예천군","경북 예천군 예천읍 중앙로","경북예천군예천읍중앙로24-1","054","054-654-4492","1175"
"경북울진군백암점","경북","울진군","경북 울진군 온정면 소태로","경북울진군온정면소태로9-29","054","054-787-4004","1175"
"경북울진군북면점","경북","울진군","경북 울진군 북면 울진북로","경북울진군북면울진북로2120","054","054-781-4246","1175"
"경북울진군울진점","경북","울진군","경북 울진군 울진읍 울진중앙로","경북울진군울진읍울진중앙로56","054","054-781-6363","1175"
"경북울진군죽변점","경북","울진군","경북 울진군 죽변면 죽변북로","경북울진군죽변면죽변북로60","054","054-781-4482","1175"
"경북울진군후포점","경북","울진군","경북 울진군 후포면 삼율길","경북울진군후포면삼율6길16-14","054","054-788-9982","1175"
"경북의성군의성점","경북","의성군","경북 의성군 의성읍 동서1길","경상북도의성군의성읍동서1길72","054","054-834-4482","1175"
"경북청도군청도점","경북","청도군","경북 청도군 청도읍 청화로","경북청도군청도읍청화로150-1","054","054-373-4469","1175"
"경북칠곡군오태북삼점","경북","칠곡군","경북 칠곡군 북삼읍 금오대로","경북칠곡군북삼읍금오대로10길19","054","054-972-4423","1175"
"경북칠곡군왜관점","경북","칠곡군","경북 칠곡군 왜관읍 중앙로","경북칠곡군왜관읍중앙로3길2-1","054","054-972-8066","1175"
"경북칠곡군중리점","경북","칠곡군","경북 칠곡군 석적읍 북중리길","경북칠곡군석적읍북중리11길14","054","054-976-1009","1175"
"경북포항시남부점","경북","포항시","경북 포항시 남구 상도로","경북포항시남구상도로56","054","054-278-9982","1175"
"경북포항시달전점","경북","포항시","경북 포항시 북구 흥해읍 도음로","경북포항시북구흥해읍도음로877번길9","054","054-262-8201","1175"
"경북포항시대이점","경북","포항시","경북 포항시 남구 대이로","경북포항시남구대이로112-3","054","054-275-5052","1175"
"경북포항시두호점","경북","포항시","경북 포항시 북구 삼호로","경북포항시북구삼호로245번길10","054","054-251-8582","1175"
"경북포항시송도점","경북","포항시","경북 포항시 남구 송림로","경북포항시남구송림로8","054","054-242-8544","1175"
"경북포항시양덕점","경북","포항시","경북 포항시 북구 양덕로","경북포항시북구양덕로23","054","054-255-4482","1175"
"경북포항시연일점","경북","포항시","경북 포항시 남구 연일읍 철강로","경북포항시남구연일읍철강로41번길52-6","054","054-286-4447","1175"
"경북포항시오천점","경북","포항시","경북 포항시 남구 오천읍 문덕로","경북포항시남구오천읍남원로53","054","054-291-9922","1175"
"경북포항시용흥점","경북","포항시","경북 포항시 북구 새마을로","경북포항시북구새마을로92","054","054-254-4482","1175"
"경북포항시우현점","경북","포항시","경북 포항시 북구 선착로","경북포항시북구선착로3-1","054","054-255-9955","1175"
"경북포항시장성점","경북","포항시","경북 포항시 북구 법원로","경북포항시북구법원로8번길16","054","054-243-2999","1175"
"경북포항시죽도점","경북","포항시","경북 포항시 북구 중흥로","경북포항시북구중흥로255번길13","054","054-278-0454","1175"
"경북포항시청하점","경북","포항시","경북 포항시 북구 청하면 청하로","경북포항시북구청하면청하로217번길2","054","054-232-1535","1175"
"경북포항시해도점[B]","경북","남구","경북 포항시 남구 해동로","경북포항시남구해동로55-1","054","054-281-4492","1175"
"경북포항시효곡점","경북","포항시","경북 포항시 남구 효자동길","경북포항시남구효자동길10번길19","054","054-282-9982","1175"
"경북포항시흥해점","경북","포항시","경북 포항시 북구 흥해읍 흥해로","경북포항시북구흥해읍흥해로26","054","054-261-9979","1175"
"광주광산구산정점","광주","광산구","광주 광산구 하남대로","광주광산구하남대로54번안길59","062","062-951-4479","1175"
"광주광산구선운점","광주","광산구","광주 광산구 선운중앙로","광주광산구선운중앙로43","062","062-941-4492","1175"
"광주광산구송정1점","광주","광산구","광주 광산구 남동길","광주광산구남동길30번길48","062","062-945-4492","1175"
"광주광산구수완1점","광주","광산구","광주 광산구 장덕로","광주광산구장덕로95번길45","062","062-959-9929","1175"
"광주광산구신가점","광주","광산구","광주 광산구 신창로","광주광산구신창로35번길87","062","062-955-9289","1175"
"광주광산구우산소촌점","광주","광산구","광주 광산구 우산로","광주광산구우산로96번길78","062","062-941-9940","1175"
"광주광산구운남점","광주","광산구","광주 광산구 월곡중앙로","광주광산구월곡로30-1","062","062-952-9994","1175"
"광주광산구첨단1호점","광주","광산구","광주 광산구 산월로","광주광산구산월로64","062","062-974-4492","1175"
"광주남구방림양림점","광주","남구","광주 남구 방림로","광주남구방림로2","062","062-655-4492","1175"
"광주남구봉선1점","광주","남구","광주 남구 봉선로","광주남구봉선1로66","062","062-652-4492","1175"
"광주남구월산까치점","광주","남구","광주 남구 독립로","광주남구독립로87","062","062-365-8299","1175"
"광주남구주월점","광주","남구","광주 남구 회서로","광주남구회서로15","062","062-651-4492","1175"
"광주남구진월점","광주","남구","광주 남구 서문대로","광주남구서문대로663번길16","062","062-674-4492","1175"
"광주남구효천점","광주","남구","광주 남구 효우로","광주남구효우로230번길35","062","062-671-4492","1175"
"광주동구산수점","광주","동구","광주 동구 필문대로","광주동구필문대로179","062","062-222-5992","1175"
"광주동구학동점","광주","동구","광주 동구 천변우로","광주동구천변우로603","062","062-222-4492","1175"
"광주북구동림점","광주","북구","광주 북구 동림용산로","광주북구동림용산로29","062","062-513-9995","1175"
"광주북구두암1점","광주","북구","광주 북구 삼정로","광주북구삼정로139","062","062-251-4492","1175"
"광주북구문흥점","광주","북구","광주 북구 면앙로","광주북구면앙로32번길29","062","062-252-4492","1175"
"광주북구양산점","광주","북구","광주 북구 양산택지로","광주북구양산택지로79번길15","062","062-576-9995","1175"
"광주북구오치매곡점","광주","북구","광주 북구 안산로","광주북구안산로70","062","062-269-9988","1175"
"광주북구용봉점","광주","북구","광주 북구 설죽로","광주북구설죽로202번길52","062","062-522-4492","1175"
"광주북구일곡점","광주","북구","광주 북구 송해로","광주북구송해로34","062","062-575-4492","1175"
"광주북구중흥점","광주","북구","광주 북구 당뫼로","광주북구당뫼로57","062","062-524-9992","1175"
"광주북구첨단2지구점","광주","북구","광주 북구 임방울대로","광주북구임방울대로1042번길14-20","062","062-576-4492","1175"
"광주서구금호점","광주","서구","광주 서구 금화로","광주서구금화로73번길16","062","062-383-9935","1175"
"광주서구동천점","광주","서구","광주 서구 동천로","광주서구동천로10번길24","062","062-512-4492","1175"
"광주서구상무점","광주","서구","광주 서구 상무평화로","광주서구상무평화로102","062","062-383-4492","1175"
"광주서구쌍촌1점","광주","서구","광주 서구 상일로","광주서구상일로24번길11","062","062-382-4492","1175"
"광주서구풍암점","광주","서구","광주 서구 풍암신암로","광주서구풍암신암로26","062","062-655-9982","1175"
"광주서구화정1점","광주","서구","광주 서구 염화로","광주서구염화로57번길20","062","062-375-4492","1175"
"대구남구대명2점","대구","남구","대구 남구 성당시장길","대구남구성당시장길59","053","053-654-9984","1175"
"대구남구대명남산점","대구","남구","대구 남구 명덕로","대구남구명덕로28길12","053","053-621-9282","1175"
"대구남구봉덕점","대구","남구","대구 남구 중앙대로","대구남구중앙대로22길221","053","053-475-4479","1175"
"대구달서구대곡역점","대구","달서구","대구 달서구 비슬로","대구달서구비슬로538길22","053","053-638-4479","1175"
"대구달서구대곡진천점[B]","대구","달서구","대구 달서구 한실로","대구달서구한실로117","053","053-633-4479","1175"
"대구달서구두류광장점","대구","달서구","대구 달서구 야외음악당로","대구달서구야외음악당로39안길48","053","053-652-4482","1175"
"대구달서구상인점","대구","달서구","대구 달서구 상인로","대구달서구상인로9길26","053","053-635-6611","1175"
"대구달서구성당점[B]","대구","달서구","대구 달서구 감삼남길","대구달서구감삼남길171","053","053-555-9282","1175"
"대구달서구성서점","대구","달서구","대구 달서구 선원로","대구달서구선원로37길16","053","053-593-9982","1175"
"대구달서구송현점","대구","달서구","대구 달서구 월배로","대구달서구월배로74길39","053","053-626-9994","1175"
"대구달서구신당점","대구","달서구","대구 달서구 신당로","대구달서구신당로24","053","053-592-4485","1175"
"대구달서구신월배점","대구","달서구","대구 달서구 조암남로","대구달서구조암남로27길30","053","053-633-9282","1175"
"대구달서구용산1점","대구","달서구","대구 달서구 와룡로","대구달서구와룡로53길78","053","053-523-4482","1175"
"대구달서구이월드점","대구","달서구","대구 달서구 두류공원로","대구달서구두류공원로200","053","-","1175"
"대구달서구장기점","대구","달서구","대구 달서구 구마로","대구달서구구마로12길14","053","053-522-8890","1175"
"대구달성군구지점","대구","달성군","대구 달성군 구지면 창리중앙길","대구달성군구지면창리중앙길97","053","053-611-4462","1175"
"대구달성군논공점","대구","달성군","대구 달성군 논공읍 논공중앙로","대구달성군논공읍논공중앙로118","053","053-615-4482","1175"
"대구달성군다사점","대구","달성군","대구 달성군 다사읍 대실역북로","대구달성군다사읍대실역북로55","053","053-593-4482","1175"
"대구달성군서재점","대구","달성군","대구 달성군 다사읍 서재로","대구달성군다사읍서재로99-1","053","053-587-4479","1175"
"대구달성군옥포점","대구","달성군","대구 달성군 돌미로2길","대구달성군옥포면돌미로2길1","053","053-611-4482","1175"
"대구달성군현풍점","대구","달성군","대구 달성군 현풍면 테크노중앙대로","대구달성군현풍면테크노중앙대로325-49","053","053-611-4446","1175"
"대구달성군화원점","대구","달성군","대구 달성군 화원읍 화암로","대구달성군화원읍화암로65","053","053-644-9985","1175"
"대구동구동호점","대구","동구","대구 동구 동호로","대구동구동호로40","053","053-963-4482","1175"
"대구동구방촌점","대구","동구","대구 동구 동촌로","대구동구동촌로58길21","053","053-981-9050","1175"
"대구동구불로봉무점","대구","동구","대구 동구 팔공로길","대구동구팔공로51길23","053","053-958-8200","1175"
"대구동구신암동점","대구","동구","대구 동구 신암로","대구광역시동구신암로132","053","053-944-4479","1175"
"대구동구신천동점","대구","동구","대구 동구 국채보상로","대구동구국채보상로861","053","053-754-4479","1175"
"대구동구율하점","대구","동구","대구 동구 율하동로","대구동구율하동로8길25","053","053-965-4479","1175"
"대구동구효목점","대구","동구","대구 동구 효목로","대구동구효목로103","053","053-954-9982","1175"
"대구북구고성동점","대구","북구","대구 북구 옥산로","대구북구옥산로9","053","053-355-4479","1175"
"대구북구관음읍내동점","대구","북구","대구 북구 칠곡중앙대로","대구북구칠곡중앙대로95길11","053","053-323-4479","1175"
"대구북구동서변점","대구","북구","대구 북구 서변로","대구북구서변로26","053","053-944-9282","1175"
"대구북구만평점","대구","서구","대구 서구 서대구로","대구서구서대구로62길51","053","053-356-4113","1175"
"대구북구복현검단점","대구","북구","대구 북구 경진로","대구북구경진로1길31","053","053-942-4479","1175"
"대구북구사수금호점","대구","북구","대구 북구 한강로","대구북구한강로17","053","053-325-4479","1175"
"대구북구산격점","대구","북구","대구 북구 동북로","대구북구동북로36길17-2","053","053-942-4479","1175"
"대구북구칠곡1점","대구","북구","대구 북구 대천로","대구북구대천로17길14","053","053-323-9980","1175"
"대구북구칠성점","대구","북구","대구 북구 칠성로","대구북구칠성로88","053","053-341-0044","1175"
"대구북구태전점[B]","대구","북구","대구 북구 구암로","대구북구구암로16길7","053","053-321-4479","1175"
"대구서구내당대신동점","대구","서구","대구 서구 달서로","대구서구달서로12길28","053","053-567-4479","1175"
"대구서구평리점","대구","서구","대구 서구 국채보상로","대구서구국채보상로192","053","053-552-4499","1175"
"대구수성구범물점","대구","수성구","대구 수성구 지범로","대구수성구지범로290","053","053-784-4479","1175"
"대구수성구범어점","대구","수성구","대구 수성구 범어로","대구수성구범어로20길13","053","053-755-9282","1175"
"대구수성구상동점","대구","수성구","대구 수성구 수성로","대구수성구수성로15길34","053","053-768-4479","1175"
"대구수성구수성점[B]","대구","수성구","대구 수성구 신천동로","대구수성구신천동로98길24","053","053-751-4482","1175"
"대구수성구시지1점","대구","수성구","대구 수성구 달구벌대로","대구수성구달구벌대로627길22-25","053","053-795-9985","1175"
"대구수성구시지사월점","대구","수성구","대구 수성구 달구벌대로","대구수성구달구벌대로669길20","053","053-793-4479","1175"
"대구수성구지산점","대구","수성구","대구 수성구 용학로","대구수성구용학로35길35","053","053-784-9966","1175"
"대구수성구황금점","대구","수성구","대구 수성구 청수로","대구수성구청수로36길32","053","053-768-9282","1175"
"대구중구동성로점","대구","중구","대구 중구 공평로","대구중구공평로97-1","053","053-257-9982","1175"
"대전대덕구법동점","대전","대덕구","대전 대덕구 계족로","대전광역시대덕구계족로608번길16","042","042-622-4479","1175"
"대전대덕구송촌점[B]","대전","대덕구","대전 대덕구 송촌북로","대전대덕구송촌북로4번길41","042","042-672-4479","1175"
"대전대덕구신탄진점","대전","대덕구","대전 대덕구 신탄진동로","대전광역시대덕구신탄진동로1","042","042-935-9285","1175"
"대전동구가양비래점","대전","동구","대전 동구 우암로","대전동구우암로331","042","042-623-9233","1175"
"대전동구가오점","대전","동구","대전 동구 은어송로","대전광역시동구은어송로116","042","042-282-4479","1175"
"대전동구용운판암점","대전","동구","대전 동구 동부로","대전동구동부로73번길135","042","042-271-4479","1175"
"대전동구우송대점","대전","동구","대전 동구 동대전로","대전광역시동구동대전로213","042","042-636-4479","1175"
"대전동구한남대막시무스점","대전","동구","대전 동구 옛신탄진로","대전광역시동구옛신탄진로93번길27","042","042-627-4479","1175"
"대전서구가장내동점","대전","서구","대전 서구 도솔로","대전광역시서구도산로253번길33","042","042-532-4479","1175"
"대전서구갈마점","대전","서구","대전 서구 계룡로","대전광역시서구계룡로500번길86","042","042-526-9249","1175"
"대전서구도마점","대전","서구","대전 서구 사마길","대전광역시서구사마1길28","042","042-535-4479","1175"
"대전서구도안신도시점","대전","서구","대전 서구 도안북로","대전광역시서구도안북로118번길81","042","042-353-4479","1175"
"대전서구둔산점","대전","서구","대전 서구 둔산남로","대전광역시서구둔산남로165번길16","042","042-483-9292","1175"
"대전서구만년점","대전","서구","대전 서구 만년남로번길","대전광역시서구만년남로11번길42","042","042-482-9582","1175"
"대전서구월평점","대전","서구","대전 서구 월평중로","대전광역시서구월평중로24번길30","042","042-485-4479","1175"
"대전서구탄방점","대전","서구","대전 서구 문정로","대전광역시서구문정로2번길51","042","042-472-4479","1175"
"대전서구행복점","대전","서구","대전 서구 정림서로","대전서구정림서로162-18","042","042-585-9233","1175"
"대전유성구궁동어은점[B]","대전","유성구","대전 유성구 농대로","대전유성구농대로8","042","042-861-4479","1175"
"대전유성구노은점","대전","유성구","대전 유성구 반석로","대전광역시유성구반석로12번길25","042","042-823-9286","1175"
"대전유성구봉명구암점","대전","유성구","대전 유성구 대학로","대전광역시유성구대학로34","042","042-321-4482","1175"
"대전유성구송강봉산점","대전","유성구","대전 유성구 봉산로","대전광역시유성구봉산로32","042","042-935-4492","1175"
"대전유성구신성자운점","대전","유성구","대전 유성구 가정로","대전광역시유성구가정로43","042","042-862-9982","1175"
"대전유성구원내점","대전","유성구","대전 유성구 진잠로","대전광역시유성구진잠로78번길56","042","042-543-4479","1175"
"대전유성구전민점","대전","유성구","대전 유성구 전민로","대전광역시유성구전민로6번길27","042","042-864-4479","1175"
"대전유성구테크노점","대전","유성구","대전 유성구 관들길","대전유성구관들5길47","042","042-934-4479","1175"
"대전유성구학하덕명점","대전","유성구","대전 유성구 학하남로","대전광역시유성구학하남로3","042","042-826-4479","1175"
"대전중구문화점","대전","중구","대전 중구 보문산로","대전중구보문산로171번길39","042","042-584-6600","1175"
"대전중구부사점","대전","중구","대전 중구 보문로","대전광역시중구보문로92","042","042-242-4479","1175"
"대전중구중촌목동점","대전","중구","대전 중구 목동로","대전광역시중구목동로8번길77","042","042-383-4479","1175"
"대전중구태평점","대전","중구","대전 중구 태평로","대전중구태평로118-1","042","042-527-9982","1175"
"부산강서구강서구청점","부산","강서구","부산 강서구 대저로","부산강서구대저로274번길35","051","051-831-4492","1175"
"부산강서구명지국제신도시점","부산","강서구","부산 강서구 명지국제8로 234","부산강서구명지국제8로234정우빌딩2차115","051","051-271-4479","1175"
"부산강서구명지오션시티점","부산","강서구","부산 강서구 명지오션시티로","부산강서구명지오션시티9로58","051","051-204-4492","1175"
"부산금정구구서1점","부산","금정구","부산 금정구 금강로","부산금정구구서2동203-32","051","051-582-4482","1175"
"부산금정구남산점","부산","금정구","부산 금정구 중앙대로","부산금정구남산동188-6","051","051-518-4492","1175"
"부산금정구부곡1점","부산","금정구","부산 금정구 오륜대로","부산금정구부곡동19-9","051","051-582-8272","1175"
"부산금정구부곡행복점","부산","금정구","부산 금정구 부곡로","부산금정구부곡로64","051","051-516-4445","1175"
"부산금정구부산대점","부산","금정구","부산 금정구 금강로","부산금정구장전동221-24","051","051-514-9985","1175"
"부산금정구서동점","부산","금정구","부산 금정구 서동로","부산금정구서동542-35","051","051-521-4492","1175"
"부산기장군기장점","부산","기장군","부산 기장군 기장읍 대라리","부산기장군기장읍대라리413-4","051","051-721-9909","1175"
"부산기장군정관점","부산","기장군","부산 기장군 정관면 구연로","부산기장군정관면매학리767-4","051","051-728-4492","1175"
"부산남구감만점","부산","남구","부산 남구 석포로","부산남구석포로51","051","051-632-4479","1175"
"부산남구대연못골점","부산","남구","부산 남구 진남로","부산남구진남로36번길58","051","051-625-4492","1175"
"부산남구대연점","부산","남구","부산 남구 유엔로","부산남구유엔로183번길35","051","051-612-4482","1175"
"부산남구문현점","부산","남구","부산 남구 고동골로","부산남구문현3동202-55번지","051","051-632-4492","1175"
"부산남구용호점","부산","남구","부산 남구 용호로","부산남구용호동181-1현대비치상가1동103호","051","051-623-4492","1175"
"부산남구용호행복점","부산","남구","부산 남구 동명로","부산남구동명로158번길104","051","051-623-4479","1175"
"부산동구범일점","부산","동구","부산 동구 자성로","부산동구자성로116번길2","051","051-638-4479","1175"
"부산동구초량점","부산","동구","부산 동구 초량상로","부산광역시동구초량상로65","051","051-441-1466","1175"
"부산동래구명장점","부산","동래구","부산 동래구 명안로","부산동래구명안로86번길30","051","051-525-4482","1175"
"부산동래구사직1점","부산","동래구","부산 동래구 사직북로","부산동래구사직동45-33번지","051","051-502-4485","1175"
"부산동래구수안낙민점","부산","동래구","부산 동래구 명륜로","부산동래구명륜로75번길31","051","051-555-4492","1175"
"부산동래구안락1점","부산","동래구","부산 동래구 연안로","부산동래구안락동629-76","051","051-532-4492","1175"
"부산동래구온천3동점","부산","동래구","부산 동래구 충렬대로","부산동래구충렬대로126번길19","051","051-504-4492","1175"
"부산동래구온천점","부산","동래구","부산 동래구 차밭골로","부산동래구차밭골로27","051","051-552-4482","1175"
"부산부산진구가야개금1점","부산","부산진구","부산 부산진구 냉정로","부산부산진구냉정로262-1","051","051-892-8866","1175"
"부산부산진구가야당감점","부산","부산진구","부산 부산진구 가야대로","부산부산진구가야대로633","051","051-897-4492","1175"
"부산부산진구당감부암1점","부산","부산진구","부산 부산진구 백양순환로","부산부산진구당감4동702-1","051","051-892-8292","1175"
"부산부산진구범천점","부산","부산진구","부산 부산진구 신암로","부산부산진구신암로66판매시설동106호","051","051-636-4479","1175"
"부산부산진구신개금점","부산","부산진구","부산 부산진구 개금본동로","부산부산진구개금3동380-1","051","051-892-4492","1175"
"부산부산진구양정점","부산","부산진구","부산 부산진구 범양로","부산부산진구범전동63-6","051","051-804-9282","1175"
"부산부산진구전포점","부산","부산진구","부산 부산진구 동성로","부산부산진구동성로35","051","051-817-4482","1175"
"부산부산진구초읍연지점","부산","부산진구","부산 부산진구 성지로","부산부산진구초읍동207-18","051","051-818-4492","1175"
"부산북구구포1점","부산","북구","부산 북구 시랑로","부산북구시랑로32","051","051-335-9944","1175"
"부산북구금곡점","부산","북구","부산 북구 효열로","부산북구금곡동67-12","051","051-362-2002","1175"
"부산북구덕천점","부산","북구","부산 북구 덕천길","부산북구덕천2길45","051","051-342-6900","1175"
"부산북구만덕점","부산","북구","부산 북구 덕천로","부산북구덕천로280","051","051-333-8686","1175"
"부산북구화명2점","부산","북구","부산 북구 학사로","부산북구화명동2316-9번지102호","051","051-365-4492","1175"
"부산사상구괘법점","부산","사상구","부산 사상구 낙동대로","부산사상구괘법동519-1강변동원아파트상가107동102호","051","051-311-4479","1175"
"부산사상구모덕점","부산","사상구","부산 사상구 사상로","부산광역시사상구사상로342번길12","051","051-301-4479","1175"
"부산사상구모라1점","부산","사상구","부산 사상구 백양대로","부산사상구백양대로960-1","051","051-312-4492","1175"
"부산사상구신주례점","부산","사상구","부산 사상구 양지로","부산광역시사상구양지로42","051","051-325-4479","1175"
"부산사상구주례점","부산","사상구","부산 사상구 주례로","부산사상구주례로25","051","051-328-4492","1175"
"부산사상구학장엄궁점","부산","사상구","부산 사상구 학감대로","부산사상구학장동574-57번지삼성2차아파트상가206호","051","051-311-4492","1175"
"부산사하구괴정1점","부산","사하구","부산 사하구 장평로","부산사하구괴정로235-1","051","051-202-7992","1175"
"부산사하구괴정행복점","부산","사하구","부산 사하구 사리로","부산사하구사리로4","051","051-204-4479","1175"
"부산사하구구평감천점","부산","사하구","부산 사하구 을숙도대로","부산사하구구평동105-1","051","051-262-9994","1175"
"부산사하구다대1점","부산","사하구","부산 사하구 윤공단로","부산사하구윤공단로14번길33","051","051-265-9298","1175"
"부산사하구다대2점","부산","사하구","부산 사하구 다대로","부산사하구장림동426번지극동정립아파트상가301호","051","051-261-9297","1175"
"부산사하구당리점","부산","사하구","부산 사하구 승학로","부산사하구승학로40","051","051-206-4492","1175"
"부산사하구신평점","부산","사하구","부산 사하구 다대로142번길","부산사하구다대로142번길16","051","051-201-4479","1175"
"부산사하구하단점[B]","부산","사하구","부산 사하구 낙동대로","부산사하구하단동492-2대우프라자상가B105","051","051-293-9296","1175"
"부산서구대신점","부산","서구","부산 서구 망양로","부산서구망양로28","051","051-248-5779","1175"
"부산서구부민충무점","부산","서구","부산 서구 구덕로","부산서구토성동5가42-3","051","051-241-7949","1175"
"부산수영구광안1점","부산","수영구","부산 수영구 광안로","부산수영구광안동165-6","051","051-755-4492","1175"
"부산수영구남천점","부산","수영구","부산 수영구 수영로","부산수영구남천동77-25","051","051-628-4492","1175"
"부산수영구망미점","부산","수영구","부산 수영구 연수로","부산수영구연수로302번길4","051","051-756-4479","1175"
"부산수영구민락점","부산","수영구","부산 수영구 수영로","부산수영구수영로741번길12","051","051-758-4479","1175"
"부산연제구거제점","부산","연제구","부산 연제구 월드컵대로","부산연제구월드컵대로187번길23","051","051-852-4479","1175"
"부산연제구시청점","부산","연제구","부산 연제구 중앙대로","부산연제구중앙대로1038번길64상가101호","051","051-868-4494","1175"
"부산연제구연산로타리점","부산","연제구","부산 연제구 거제천로","부산연제구거제천로230번길25","051","051-852-4445","1175"
"부산연제구연산토곡점","부산","연제구","부산 연제구 과정로","부산연제구과정로132번길32","051","051-755-5636","1175"
"부산영도구남항점","부산","영도구","부산 영도구 남항로","부산영도구남항로24-2","051","051-416-4479","1175"
"부산영도구동삼점","부산","영도구","부산 영도구 동삼로","부산영도구동삼로59번길15","051","051-403-9972","1175"
"부산영도구청학점","부산","영도구","부산 영도구 태종로","부산영도구태종로332","051","051-415-4492","1175"
"부산중구중부산점","부산","중구","부산 중구 대청로","부산중구대청로25번길4","051","051-469-9295","1175"
"부산해운대구반송1점","부산","해운대구","부산 해운대구 윗반송로","부산해운대구반송2동216-112번지","051","051-544-8272","1175"
"부산해운대구반여2점","부산","해운대구","부산 해운대구 선수촌로","부산해운대구선수촌로153","051","051-523-4492","1175"
"부산해운대구벡스코점","부산","해운대구","부산 해운대구 해운대로","부산해운대구해운대로383번길25","051","051-747-4498","1175"
"부산해운대구센텀점","부산","해운대구","부산 해운대구 재반로","부산해운대구재반로29","051","051-783-4492","1175"
"부산해운대구송정점","부산","해운대구","부산 해운대구 송정해변로","부산해운대구송정해변로8-14","051","051-703-4492","1175"
"부산해운대구우1점","부산","해운대구","부산 해운대구 해운대해변로","부산해운대구해운대해변로141","051","051-731-4414","1175"
"부산해운대구재송반여점","부산","해운대구","부산 해운대구 재송2로","부산해운대구재송2로28번길6","051","051-781-4479","1175"
"부산해운대구해운대신도시1호점","부산","해운대구","부산 해운대구 달맞이길","부산해운대구해운대로774번길30","051","051-744-4492","1175"
"부산해운대구해운대중동점","부산","해운대구","부산 해운대구 좌동순환로","부산해운대구좌동순환로468번가길20","051","051-747-3457","1175"
"부산해운대구해운대행복점","부산","해운대구","부산 해운대구 좌동순환로","부산해운대구좌동순환로99번길22","051","051-747-9244","1175"
"서울강남구개포1점","서울","강남구","서울 강남구 개포로","서울특별시강남구개포로25길12","02","02-2057-9292","1175"
"서울강남구논현1점","서울","강남구","서울 강남구 강남대로","서울강남구강남대로126길38","02","02-512-4482","1175"
"서울강남구도곡점","서울","강남구","서울 강남구 도곡로","서울강남구도곡로28길8","02","02-571-9955","1175"
"서울강남구수서점","서울","강남구","서울 강남구 광평로","서울강남구광평로51길22","02","02-451-4479","1175"
"서울강남구신사점","서울","강남구","서울 강남구 논현로","서울강남구논현로159길25","02","02-542-4479","1175"
"서울강남구역삼1점","서울","강남구","서울 강남구 논현로","서울강남구논현로67길48","02","02-568-4479","1175"
"서울강남구역삼충현점","서울","강남구","서울 강남구 봉은사로","서울강남구봉은사로26길28","02","02-566-4479","1175"
"서울강남구일원점","서울","강남구","서울 강남구 일원로","서울특별시강남구일원로5길54","02","02-3414-9988","1175"
"서울강남구자곡점","서울","강남구","서울 강남구 자곡로","서울특별시강남구자곡로202","02","02-3411-4479","1175"
"서울강남구청담점","서울","강남구","서울 강남구 삼성로","서울강남구삼성로145길14","02","02-542-9991","1175"
"서울강동구강일점","서울","강동구","서울 강동구 아리수로","서울특별시강동구아리수로94길19","02","02-428-0076","1175"
"서울강동구길동1점","서울","강동구","서울 강동구 진황도로","서울특별시강동구진황도로47길15","02","02-486-4492","1175"
"서울강동구길동2점","서울","강동구","서울 강동구 천호대로","서울특별시강동구천호대로199길15","02","02-482-7782","1175"
"서울강동구둔촌점","서울","강동구","서울 강동구 천호대로","서울특별시강동구천호대로182길41","02","02-475-9282","1175"
"서울강동구명일점[B]","서울","강동구","서울 강동구 동남로","서울강동구동남로67길22","02","02-429-4479","1175"
"서울강동구성내1점","서울","강동구","서울 강동구 천호옛길","서울특별시강동구천호옛14길34","02","02-472-4472","1175"
"서울강동구암사2점","서울","강동구","서울 강동구 고덕로","서울특별시강동구고덕로28길10-5","02","02-442-4456","1175"
"서울강동구천호1점","서울","강동구","서울 강동구 구천면로","서울특별시강동구구천면로284","02","02-477-5765","1175"
"서울강동구천호2동점","서울","강동구","서울 강동구 올림픽로","서울특별시강동구올림픽로78길15-4","02","02-482-4482","1175"
"서울강북구미아점","서울","강북구","서울 강북구 도봉로","서울특별시강북구도봉로34길39","02","02-982-8292","1175"
"서울강북구번동점","서울","강북구","서울 강북구 오현로","서울특별시강북구오현로31길129","02","02-987-4479","1175"
"서울강북구삼각산점","서울","강북구","서울 강북구 삼양로","서울특별시강북구삼양로19길74","02","02-982-8282","1175"
"서울강북구수유2점","서울","강북구","서울 강북구 삼각산로","서울강북구삼각산로99","02","02-905-8899","1175"
"서울강북구수유점","서울","강북구","서울 강북구 삼양로","서울특별시강북구삼양로68길12","02","02-985-0092","1175"
"서울강서구가양1점[B]","서울","강서구","서울 강서구 양천로","서울강서구양천로443-32","02","02-3661-4482","1175"
"서울강서구까치산점","서울","강서구","서울 강서구 강서로","서울강서구강서로12길40","02","02-2601-4492","1175"
"서울강서구등촌2동점","서울","강서구","서울 강서구 등촌로","서울강서구등촌로51가길47","02","02-2644-6969","1175"
"서울강서구등촌3동점","서울","강서구","서울 강서구 공항대로","서울강서구공항대로41길65","02","02-3661-4492","1175"
"서울강서구방화1점","서울","강서구","서울 강서구 양천로","서울강서구양천로24가길3","02","02-2662-4472","1175"
"서울강서구방화2점","서울","강서구","서울 강서구 금낭화로","서울강서구금낭화로26","02","02-2662-9229","1175"
"서울강서구수명산파크점","서울","강서구","서울 강서구 강서로","서울특별시강서구강서로47길108","02","02-2667-7792","1175"
"서울강서구염창점","서울","강서구","서울 강서구 양천로","서울강서구양천로637","02","02-3663-9285","1175"
"서울강서구우장산점","서울","강서구","서울 강서구 우장산로","서울강서구우장산로2길7","02","02-2659-5454","1175"
"서울강서구화곡1동점","서울","강서구","서울 강서구 가로공원로","서울강서구가로공원로76길95","02","02-2699-4479","1175"
"서울강서구화곡남부시장점","서울","강서구","서울 강서구 곰달래로","서울강서구곰달래로53길50","02","02-2653-4492","1175"
"서울강서구화곡본동점","서울","강서구","서울 강서구 초록마을로","서울강서구초록마을로2길54","02","02-2607-5882","1175"
"서울관악구관악구청점","서울","관악구","서울 관악구 쑥고개로","서울특별시관악구쑥고개로93","02","02-889-4492","1175"
"서울관악구난곡점","서울","관악구","서울 관악구 미성길","서울관악구미성3길8","02","02-863-8880","1175"
"서울관악구봉천점","서울","관악구","서울 관악구 은천로","서울관악구은천로9길14","02","02-888-5919","1175"
"서울관악구봉천중앙점","서울","관악구","서울 관악구 남부순환로","서울특별시관악구남부순환로231길16","02","02-876-9992","1175"
"서울관악구봉천현대점[B]","서울","관악구","서울 관악구 봉천로","서울관악구봉천로441","02","02-882-9277","1175"
"서울관악구신림2점","서울","관악구","서울 관악구 신림로","서울특별시관악구신림로158","02","02-877-4482","1175"
"서울관악구신림남부점","서울","관악구","서울 관악구 남부순환로","서울관악구남부순환로143길16","02","02-838-9288","1175"
"서울관악구신림점","서울","관악구","서울 관악구 문성로","서울특별시관악구문성로215","02","02-889-4442","1175"
"서울관악구인헌점","서울","관악구","서울 관악구 인헌길","서울특별시관악구인헌길58","02","02-883-9931","1175"
"서울광진구구의3점","서울","광진구","서울 광진구 구의로","서울특별시광진구구의로4길44","02","02-455-9922","1175"
"서울광진구군자송정점","서울","광진구","서울 광진구 동일로","서울특별시광진구동일로52길15","02","02-499-4479","1175"
"서울광진구어린이대공원점","서울","광진구","서울 광진구 광나루로","서울특별시광진구광나루로521","02","02-466-6572","1175"
"서울광진구자양2점","서울","광진구","서울 광진구 뚝섬로","서울특별시광진구뚝섬로52가길6","02","02-454-3336","1175"
"서울광진구자양점","서울","광진구","서울 광진구 능동로","서울특별시광진구능동로10길109","02","02-452-9200","1175"
"서울광진구중곡1점","서울","광진구","서울 광진구 면목로","서울광진구면목로148","02","02-468-5592","1175"
"서울광진구중곡2점","서울","광진구","서울 광진구 동일로","서울특별시광진구동일로64길14","02","02-464-4479","1175"
"서울광진구화양점","서울","광진구","서울 광진구 아차산로","서울특별시광진구아차산로21길43","02","02-462-8887","1175"
"서울구로구개봉점[B]","서울","구로구","서울 구로구 개봉로","서울구로구개봉로11길34","02","02-2687-9244","1175"
"서울구로구고척1점","서울","구로구","서울 구로구 경서로","서울구로구경서로45","02","02-3666-4492","1175"
"서울구로구고척스카이돔점","서울","구로구","서울 구로구 경인로 430","서울구로구경인로430B-5","02","02-2688-7721","1175"
"서울구로구구로1점","서울","구로구","서울 구로구 구로동로","서울구로구구로동로35길40","02","02-861-4492","1175"
"서울구로구구로시장점","서울","구로구","서울 구로구 구로동로","서울구로구구로동로28길93","02","02-857-4492","1175"
"서울구로구구로테크노마트점","서울","구로구","서울 구로구 새말로","서울구로구새말로102","02","02-860-5700","1175"
"서울구로구근린공원점","서울","구로구","서울 구로구 고척로","서울구로구고척로27길115","02","02-2687-4479","1175"
"서울구로구남구로점","서울","구로구","서울 구로구 도림로","서울구로구도림로12길24","02","02-865-9222","1175"
"서울구로구신도림점","서울","구로구","서울 구로구 신도림로","서울구로구신도림로11길43","02","02-2677-4492","1175"
"서울구로구오류1점","서울","구로구","서울 구로구 부일로","서울특별시구로구부일로953","02","02-2689-9288","1175"
"서울구로구오류2점","서울","구로구","서울 구로구 오류로","서울구로구오류로62","02","02-2689-5545","1175"
"서울금천구가산점","서울","금천구","서울 금천구 가산로","서울특별시금천구가산로3길55","02","02-856-9244","1175"
"서울금천구금천점","서울","금천구","서울 금천구 은행나무로","서울금천구은행나무로22","02","02-805-4492","1175"
"서울금천구독산점","서울","금천구","서울 금천구 남부순환로","서울금천구남부순환로126길69","02","02-866-9592","1175"
"서울금천구시흥2점","서울","금천구","서울 금천구 금하로","서울특별시금천구금하로756","02","02-802-5124","1175"
"서울노원구공릉점","서울","노원구","서울 노원구 공릉로","서울특별시노원구공릉로42길21","02","02-971-9288","1175"
"서울노원구상계1점","서울","노원구","서울 노원구 동일로","서울특별시노원구동일로237다길7","02","02-952-9288","1175"
"서울노원구상계2점","서울","노원구","서울 노원구 상계로","서울특별시노원구상계로9가길17","02","02-951-4492","1175"
"서울노원구상계마들점","서울","노원구","서울 노원구 한글비석로","서울특별시노원구한글비석로54길116","02","02-934-4479","1175"
"서울노원구상계중앙점","서울","노원구","서울 노원구 동일로","서울노원구덕릉로459-37상계주공1단지가상","02","02-931-4492","1175"
"서울노원구중계2동점","서울","노원구","서울 노원구 동일로","서울노원구동일로207길18","02","02-978-4492","1175"
"서울노원구중계4동점","서울","노원구","서울 노원구 덕릉로","서울노원구덕릉로89길9","02","02-3392-4479","1175"
"서울노원구중계본동점","서울","노원구","서울 노원구 중계로","서울특별시노원구중계로12가길29","02","02-934-5559","1175"
"서울노원구하계1점","서울","노원구","서울 노원구 공릉로","서울특별시노원구공릉로59가길28","02","02-976-8292","1175"
"서울도봉구도봉1점","서울","도봉구","서울 도봉구 마들로","서울특별시도봉구마들로724","02","02-955-3356","1175"
"서울도봉구도봉산역점","서울","도봉구","서울 도봉구 도봉산3길","서울도봉구도봉산3길37","02","02-954-8788","1175"
"서울도봉구방학1점","서울","도봉구","서울 도봉구 도당로","서울특별시도봉구도당로27길20","02","02-3491-4479","1175"
"서울도봉구방학2점","서울","도봉구","서울 도봉구 방학로","서울특별시도봉구방학로117","02","02-955-4482","1175"
"서울도봉구신창점","서울","도봉구","서울 도봉구 덕릉로","서울특별시도봉구덕릉로60길161","02","02-998-9592","1175"
"서울도봉구쌍문점","서울","도봉구","서울 도봉구 노해로","서울도봉구노해로38길7","02","02-900-9912","1175"
"서울도봉구창동점","서울","도봉구","서울 도봉구 덕릉로","서울도봉구덕릉로59마길40","02","02-995-8228","1175"
"서울동대문구신이문점","서울","동대문구","서울 동대문구 한천로","서울특별시동대문구한천로421-1","02","02-966-8955","1175"
"서울동대문구용두1호점","서울","동대문구","서울 동대문구 정릉천동로","서울특별시동대문구정릉천동로58","02","02-922-3777","1175"
"서울동대문구장안점","서울","동대문구","서울 동대문구 장한로","서울특별시동대문구장한로14길68","02","02-2245-1917","1175"
"서울동대문구전농2점","서울","동대문구","서울 동대문구 답십리로","서울특별시동대문구답십리로23길9","02","02-2241-8292","1175"
"서울동대문구전농점","서울","동대문구","서울 동대문구 전농로","서울동대문구답십리로51길35","02","02-3394-9292","1175"
"서울동대문구청량리점","서울","동대문구","서울 동대문구 홍릉로","서울특별시동대문구홍릉로50","02","02-968-0092","1175"
"서울동대문구회기점","서울","동대문구","서울 동대문구 회기로","서울동대문구회기로25길17-9","02","02-966-4479","1175"
"서울동대문구휘경1점","서울","동대문구","서울 동대문구 한천로","서울특별시동대문구한천로244-11","02","02-2212-6888","1175"
"서울동작구노량진점","서울","동작구","서울 동작구 만양로","서울특별시동작구만양로8길50","02","02-826-9982","1175"
"서울동작구대방점","서울","동작구","서울 동작구 등용로","서울특별시동작구등용로127","02","02-815-8292","1175"
"서울동작구사당이수점","서울","동작구","서울 동작구 사당로","서울동작구사당로27길64","02","02-532-9244","1175"
"서울동작구상도1점","서울","동작구","서울 동작구 상도로","서울특별시동작구상도로50길9","02","02-824-9244","1175"
"서울동작구상도2호점","서울","동작구","서울 동작구 성대로","서울특별시동작구성대로10길3","02","02-815-4492","1175"
"서울동작구신대방점","서울","동작구","서울 동작구 여의대방로","서울특별시동작구여의대방로28","02","02-833-5444","1175"
"서울동작구중대점","서울","동작구","서울 동작구 흑석로","서울특별시동작구흑석로7길6-1","02","02-815-9282","1175"
"서울동작구총신대점","서울","동작구","서울 동작구 솔밭로","서울특별시동작구솔밭로106","02","02-598-4479","1175"
"서울마포구공덕점","서울","마포구","서울 마포구 만리재로","서울마포구만리재로86","02","02-703-4479","1175"
"서울마포구광흥창역점","서울","마포구","서울 마포구 독막로","서울특별시마포구독막로156","02","02-335-4492","1175"
"서울마포구마포역점","서울","마포구","서울 마포구 새창로","서울특별시마포구새창로52현대아파트상가제12동156호","02","02-717-4422","1175"
"서울마포구망원점","서울","마포구","서울 마포구 포은로","서울특별시마포구포은로68","02","02-323-7383","1175"
"서울마포구상암점[B]","서울","마포구","서울 마포구 월드컵북로","서울특별시마포구월드컵북로47길46","02","02-373-4479","1175"
"서울마포구서교점","서울","마포구","서울 마포구 월드컵북로","서울특별시마포구월드컵북로7길11","02","02-322-7339","1175"
"서울마포구성산점","서울","마포구","서울 마포구 월드컵북로","서울특별시마포구월드컵북로27길19","02","02-305-9993","1175"
"서울마포구염리점","서울","마포구","서울 마포구 마포대로","서울특별시마포구마포대로11길921층","02","02-714-4479","1175"
"서울마포구홍대역점","서울","마포구","서울특별시 마포구 동교로","서울특별시마포구동교로192","02","02-334-9254","1175"
"서울서대문구남가좌점","서울","서대문구","서울 서대문구 증가로","서울특별시서대문구증가로10길5","02","02-304-4479","1175"
"서울서대문구북가좌2점","서울","서대문구","서울 서대문구 증가로","서울서대문구증가로211","02","02-303-4479","1175"
"서울서대문구연대점","서울","서대문구","서울 서대문구 연세로","서울특별시서대문구연세로7안길7","02","02-332-4479","1175"
"서울서대문구연희점","서울","서대문구","서울 서대문구 연희로","서울특별시서대문구연희로90","02","02-3143-4479","1175"
"서울서대문구이대역점","서울","서대문구","서울 서대문구 연세로","서울특별시서대문구연세로2길84","02","02-3272-0036","1175"
"서울서대문구홍은1점","서울","서대문구","서울 서대문구 간호대로","서울서대문구간호대로16","02","02-391-4492","1175"
"서울서대문구홍제1점","서울","서대문구","서울 서대문구 통일로","서울특별시서대문구통일로39나길47","02","02-3216-4450","1175"
"서울서초구반포1점","서울","서초구","서울 서초구 반포대로","서울특별시서초구반포대로316","02","02-532-9291","1175"
"서울서초구반포2점","서울","서초구","서울 서초구 강남대로","서울서초구강남대로85길21-8","02","02-548-7705","1175"
"서울서초구방배1호점","서울","서초구","서울 서초구 방배로","서울특별시서초구방배로27길18-4","02","02-593-3060","1175"
"서울서초구방배본동점","서울","서초구","서울 서초구 방배중앙로","서울서초구방배중앙로25길24","02","02-536-4444","1175"
"서울서초구서초1호점","서울","서초구","서울 서초구 효령로","서울서초구효령로77길18","02","02-588-4443","1175"
"서울서초구서초2점","서울","서초구","서울 서초구 효령로","서울서초구효령로46길14","02","02-588-7077","1175"
"서울서초구서초중앙점","서울","서초구","서울 서초구 서초중앙로","서울서초구서초중앙로24길55111호","02","02-3477-7000","1175"
"서울서초구양재점","서울","서초구","서울 서초구 동산로","서울특별시서초구동산로46","02","02-529-0812","1175"
"서울서초구우면점","서울","서초구","서울 서초구 형촌길","서울특별시서초구형촌길15","02","02-573-2292","1175"
"서울서초구잠원점","서울","서초구","서울 서초구 나루터로","서울특별시서초구나루터로68","02","02-542-5582","1175"
"서울성동구금호점","서울","성동구","서울 성동구 독서당로","서울특별시성동구독서당로315-4","02","02-2299-2272","1175"
"서울성동구성수2가점","서울","성동구","서울 성동구 성덕정길","서울특별시성동구성덕정길27","02","02-467-8277","1175"
"서울성동구한양점","서울","성동구","서울 성동구 마조로","서울특별시성동구마조로59","02","02-2294-9282","1175"
"서울성동구행당1점","서울","성동구","서울 성동구 왕십리로길","서울특별시성동구왕십리로21길25","02","02-2293-4479","1175"
"서울성북구길음점","서울","성북구","서울 성북구 삼양로","서울특별시성북구삼양로12길5","02","02-953-5100","1175"
"서울성북구동소문점","서울","성북구","서울 성북구 아리랑로","서울특별시성북구아리랑로5길39","02","02-923-4492","1175"
"서울성북구보문점","서울","성북구","서울 성북구 보문로","서울특별시성북구보문로47","02","02-922-0118","1175"
"서울성북구석관점[B]","서울","성북구","서울 성북구 한천로","서울특별시성북구한천로76길20","02","02-960-4492","1175"
"서울성북구성신여대점[B]","서울","성북구","서울 성북구 보문로","서울성북구보문로26길83-191층","02","02-921-4479","1175"
"서울성북구월곡점","서울","성북구","서울 성북구 오패산로","서울특별시성북구오패산로46","02","02-943-4492","1175"
"서울성북구장위2동점","서울","성북구","서울 성북구 돌곶이로","서울특별시성북구돌곶이로27길59-3","02","02-913-9290","1175"
"서울성북구정릉점","서울","성북구","서울 성북구 보국문로","서울특별시성북구보국문로90","02","02-943-9592","1175"
"서울성북구종암점[B]","서울","성북구","서울 성북구 종암로","서울성북구종암로19길37","02","02-921-2900","1175"
"서울송파구가락2점","서울","송파구","서울 송파구 송이로","서울특별시송파구송이로19길5","02","02-408-4482","1175"
"서울송파구가락점","서울","송파구","서울 송파구 문정로","서울특별시송파구오금로44길20","02","02-407-4774","1175"
"서울송파구거여점","서울","송파구","서울 송파구 성내천로","서울특별시송파구성내천로136","02","02-400-3615","1175"
"서울송파구문정장지점","서울","송파구","서울 송파구 새말로","서울특별시송파구새말로147","02","02-400-8213","1175"
"서울송파구삼전점","서울","송파구","서울 송파구 백제고분로","서울특별시송파구백제고분로27길17","02","02-423-4482","1175"
"서울송파구석촌점","서울","송파구","서울 송파구 가락로","서울특별시송파구가락로55","02","02-424-8060","1175"
"서울송파구송파방이2점","서울","송파구","서울 송파구 가락로","서울송파구가락로36길15","02","02-421-0089","1175"
"서울송파구오금점[B]","서울","송파구","서울 송파구 마천로","서울특별시송파구마천로184","02","02-6407-7285","1175"
"서울송파구위례점","서울","송파구","서울 송파구 위례광장로","서울특별시송파구위례광장로193제1층제1-8호","02","02-403-4479","1175"
"서울송파구잠실1점","서울","송파구","서울 송파구 올림픽로","서울특별시송파구올림픽로35가길11","02","02-418-4492","1175"
"서울송파구잠실본점","서울","송파구","서울 송파구 백제고분로","서울특별시송파구백제고분로7길24-27","02","02-423-4374","1175"
"서울송파구잠실새내역점","서울","송파구","서울 송파구 올림픽로","서울특별시송파구올림픽로119","02","02-415-4479","1175"
"서울송파구풍납점","서울","송파구","서울 송파구 풍성로","서울송파구풍성로26길51","02","02-473-4473","1175"
"서울양천구목4동점","서울","양천구","서울 양천구 목동중앙서로","서울양천구목동중앙서로23","02","02-2644-4492","1175"
"서울양천구신월1동점","서울","양천구","서울 양천구 가로공원로","서울양천구가로공원로148","02","02-2690-8592","1175"
"서울양천구신월2점","서울","양천구","서울 양천구 오목로","서울양천구오목로77","02","02-2693-4492","1175"
"서울양천구신월점","서울","양천구","서울 양천구 신월로","서울특별시양천구신월로99","02","02-2602-4479","1175"
"서울양천구신정1동점","서울","양천구","서울 양천구 은행정로","서울양천구은행정로16-1","02","02-2652-1212","1175"
"서울양천구신정점","서울","양천구","서울 양천구 신목로","서울양천구신목로12길17","02","02-2644-9919","1175"
"서울양천구양천구청점","서울","양천구","서울 양천구 목동남로","서울양천구목동남로2길15","02","02-2655-1855","1175"
"서울양천구화곡3동점","서울","양천구","서울 양천구 월정로","서울양천구월정로42길9","02","02-2692-4492","1175"
"서울영등포구대림3점","서울","영등포구","서울 영등포구 도림로","서울특별시영등포구도림로53길34-1","02","02-843-1009","1175"
"서울영등포구대림점[B]","서울","영등포구","서울 영등포구 디지털로","서울영등포구디지털로398","02","02-842-8444","1175"
"서울영등포구문래점","서울","영등포구","서울 영등포구 도림로","서울특별시영등포구도림로143길32","02","02-2634-9245","1175"
"서울영등포구신길점","서울","영등포구","서울 영등포구 가마산로","서울특별시영등포구가마산로404","02","02-844-4492","1175"
"서울영등포구신풍역점","서울","영등포구","서울 영등포구 대방천로","서울특별시영등포구대방천로222-1","02","02-834-4479","1175"
"서울영등포구양평점","서울","영등포구","서울 영등포구 영등포로","서울특별시영등포구영등포로11길16","02","02-2636-9244","1175"
"서울영등포구여의도2호점","서울","영등포구","서울 영등포구 국제금융로","서울특별시영등포구국제금융로7길32","02","02-780-9244","1175"
"서울영등포구여의도점","서울","영등포구","서울 영등포구 의사당대로","서울특별시영등포구의사당대로108","02","02-782-9244","1175"
"서울영등포구영등포점","서울","영등포구","서울 영등포구 영신로","서울특별시영등포구영신로9길3-1","02","02-842-4492","1175"
"서울영등포구영등포푸르지오점","서울","영등포구","서울 영등포구 양산로","서울특별시영등포구양산로177","02","02-842-4493","1175"
"서울용산구보광점","서울","용산구","서울 용산구 보광로","서울용산구보광로52-1","02","02-749-4479","1175"
"서울용산구숙대점","서울","용산구","서울 용산구 청파로","서울특별시용산구청파로333","02","02-718-4479","1175"
"서울용산구원효점","서울","용산구","서울 용산구 새창로길","서울특별시용산구새창로14길22","02","02-707-0983","1175"
"서울용산구이촌점","서울","용산구","서울 용산구 이촌로","서울특별시용산구이촌로46","02","02-712-4482","1175"
"서울용산구후암점","서울","용산구","서울 용산구 한강대로","서울특별시용산구한강대로104라길39","02","02-756-6225","1175"
"서울은평구갈현1점","서울","은평구","서울 은평구 연서로","서울은평구연서로29길30-5","02","02-354-4492","1175"
"서울은평구구산점","서울","은평구","서울 은평구 갈현로","서울은평구갈현로123","02","02-354-8833","1175"
"서울은평구녹번점","서울","은평구","서울 은평구 은평로","서울특별시은평구은평로20길8","02","02-358-4482","1175"
"서울은평구대조점","서울","은평구","서울 은평구 통일로","서울은평구통일로73길28-1","02","02-382-1492","1175"
"서울은평구불광점","서울","은평구","서울 은평구 불광로","서울특별시은평구불광로197","02","02-355-1192","1175"
"서울은평구신사점","서울","은평구","서울 은평구 증산로","서울특별시은평구증산로17길8-1","02","02-307-4472","1175"
"서울은평구역촌점","서울","은평구","서울 은평구 역말로","서울특별시은평구역말로7길3-2","02","02-359-4472","1175"
"서울은평구응암점","서울","은평구","서울 은평구 응암로","서울특별시은평구응암로286","02","02-387-3366","1175"
"서울종로구광화문점[B]","서울","종로구","서울 종로구 사직로","서울특별시종로구사직로8길20","02","02-730-9244","1175"
"서울종로구독립문점","서울","종로구","서울 종로구 통일로","서울특별시종로구통일로262","02","02-737-4492","1175"
"서울종로구종로점","서울","종로구","서울 종로구 수표로","서울종로구수표로26길12파고다빌딩1층","02","02-2275-0388","1175"
"서울종로구창신점[B]","서울","종로구","서울 종로구 지봉로","서울특별시종로구지봉로62","02","02-766-9282","1175"
"서울종로구혜화점","서울","종로구","서울 종로구 명륜길","서울특별시종로구명륜길5","02","02-765-4479","1175"
"서울중구신당2점","서울","중구","서울 중구 청구로","서울중구청구로17길77","02","02-2231-4479","1175"
"서울중구을지로점","서울","중구","서울 중구 퇴계로","서울중구퇴계로51길19","02","02-2275-9244","1175"
"서울중구중림점","서울","중구","서울 중구 중림로","서울특별시중구중림로10","02","02-365-4479","1175"
"서울중랑구망우점","서울","중랑구","서울 중랑구 용마산로","서울특별시중랑구용마산로493","02","02-433-4479","1175"
"서울중랑구면목1동점","서울","중랑구","서울 중랑구 사가정로","서울중랑구사가정로49길43","02","02-437-9202","1175"
"서울중랑구면목2점","서울","중랑구","서울 중랑구 망우로","서울특별시중랑구망우로30길34","02","02-434-5999","1175"
"서울중랑구면목3점","서울","중랑구","서울 중랑구 용마산로","서울중랑구용마산로89길16","02","02-493-4479","1175"
"서울중랑구묵2동점","서울","중랑구","서울 중랑구 동일로","서울특별시중랑구동일로163길36","02","02-975-4527","1175"
"서울중랑구상봉1점","서울","중랑구","서울 중랑구 신내로","서울중랑구봉화산로52길73","02","02-434-3544","1175"
"서울중랑구신내1점","서울","중랑구","서울 중랑구 신내로","서울중랑구신내로135","02","02-3421-9202","1175"
"서울중랑구용마산역점","서울","중랑구","서울 중랑구 면목로","서울중랑구면목로21길22","02","02-433-4492","1175"
"서울중랑구중화점","서울","중랑구","서울 중랑구 동일로","서울중랑구동일로123길91","02","02-491-4479","1175"
"세종시아름동아름점","세종","세종시","세종 보듬로","세종특별자치시보듬3로95","044","044-864-9242","1175"
"세종시한솔동세종첫마을점","세종","세종시","세종시 누리로","세종특별자치시누리로59","044","044-865-9285","1175"
"울산남구달동점","울산","남구","울산 남구 신정로","울산남구신정로58번길32","052","052-269-9282","1175"
"울산남구무거2호점","울산","남구","울산 남구 삼호로","울산남구삼호로55번길6","052","052-223-4479","1175"
"울산남구삼산점","울산","남구","울산 남구 삼산로","울산남구삼산로241번길35-1","052","052-910-9282","1175"
"울산남구신정점","울산","남구","울산 남구 월평로","울산남구월평로58","052","052-256-4423","1175"
"울산남구야음2점","울산","남구","울산 남구 신선로","울산남구신선로71-3","052","052-258-4479","1175"
"울산남구야음점","울산","남구","울산 남구 수암로","울산남구수암로196번길7","052","052-227-9331","1175"
"울산남구옥동점","울산","남구","울산 남구 문수로","울산남구문수로423번길4-37","052","052-256-1244","1175"
"울산남구울산대점","울산","남구","울산 남구 대학로","울산남구대학로43번길16","052","052-223-9982","1175"
"울산동구남목점","울산","중구","울산 동구 미포길","울산동구미포4길38","052","052-232-4479","1175"
"울산동구방어점","울산","동구","울산 동구 화잠길","울산동구화잠2길4","052","052-201-4479","1175"
"울산동구전하점","울산","동구","울산 동구 진성길","울산동구진성13길92","052","052-235-9985","1175"
"울산동구화정점","울산","동구","울산 동구 월봉길","울산동구월봉8길41","052","052-236-3330","1175"
"울산북구강동점","울산","북구","울산 북구 산하동 강동산하지구","울산북구산하동강동산하지구81-10BL퀸스타운101호","052","052-211-4479","1175"
"울산북구아진점","울산","북구","울산 북구 아진로","울산북구가재길82","052","052-282-4479","1175"
"울산북구양정점","울산","남구","울산 북구 염포로","울산북구염포로517","052","052-283-4479","1175"
"울산북구호계점","울산","북구","울산 북구 동대길","울산북구동대8길12","052","052-293-4479","1175"
"울산북구화봉점","울산","북구","울산 북구 두부곡길","울산북구두부곡14길15","052","052-287-4479","1175"
"울산울주군구영점","울산","울주군","울산 울주군 범서읍 대리길","울산울주군범서읍대리1길23-6","052","052-248-9982","1175"
"울산울주군남창점","울산","울주군","울산 울주군 온양읍 연안길","울산울주군온양읍연안4길18","052","052-238-4491","1175"
"울산울주군언양점[B]","울산","울주군","울산 울주군 언양읍 동부길","울산울주군언양읍동부8길12","052","052-254-4479","1175"
"울산중구다운점","울산","중구","울산 중구 다운로","울산중구다운로75","052","052-222-4479","1175"
"울산중구반구점","울산","중구","울산 중구 염포로","울산중구염포로78","052","052-281-4488","1175"
"울산중구병영점","울산","중구","울산 중구 동천길","울산중구동천4길15","052","052-297-4479","1175"
"울산중구약사점","울산","중구","울산 중구 구교길","울산중구구교10길51","052","052-285-0400","1175"
"울산중구우정점","울산","중구","울산 중구 유곡로","울산중구유곡로70","052","052-242-1400","1175"
"울산중구우정혁신점","울산","중구","울산 중구 종가길","울산중구종가2길1-2","052","052-244-4479","1175"
"인천강화군강화1점","인천","강화군","인천 강화군 강화읍 강화대로","인천광역시강화군강화읍강화대로362","032","032-933-0062","1175"
"인천계양구계산점","인천","계양구","인천 계양구 용마루길","인천광역시계양구용마루길20","032","032-556-8278","1175"
"인천계양구계산중앙점[B]","인천","계양구","인천 계양구 게양대로","인천계양구계양대로194번길18","032","032-554-9222","1175"
"인천계양구계양점","인천","계양구","인천 계양구 임학서로","인천계양구임학서로18","032","032-544-8292","1175"
"인천계양구동양점","인천","계양구","인천 계양구 당미길","인천계양구당미1길7","032","032-547-2592","1175"
"인천계양구작전점","인천","계양구","인천 계양구 주부토로","인천광역시계양구주부토로447","032","032-555-9218","1175"
"인천계양구효성점[B]","인천","계양구","인천 계양구 목화밭길","인천광역시계양구목화밭길26","032","032-544-1345","1175"
"인천남구문학관교점","인천","남구","인천 남구 매소홀로","인천광역시남구매소홀로576번길5-9","032","032-428-8892","1175"
"인천남구용현점","인천","남구","인천 남구 아암대로","인천남구아암대로45번길83-8","032","032-889-4482","1175"
"인천남구제물포점","인천","남구","인천 남구 수봉안길","인천광역시남구수봉안길13번길2","032","032-875-8181","1175"
"인천남구주안2점","인천","남구","인천 남구 인주대로","인천남구인주대로319번길38","032","032-865-4492","1175"
"인천남구주안역점","인천","남구","인천 남구 주안로","인천광역시남구주안로201","032","032-435-5533","1175"
"인천남구주안점","인천","남구","인천 남구 인주대로","인천광역시남구인주대로489","032","032-424-5757","1175"
"인천남구학익점","인천","남구","인천 남구 소성로","인천광역시남구소성로175-16","032","032-862-6565","1175"
"인천남동구간석점[B]","인천","남동구","인천 남동구 구월로","인천광역시남동구구월로131번길52","032","032-441-4479","1175"
"인천남동구구월점","인천","남동구","인천 남동구 용천로","인천남동구용천로27","032","032-461-9982","1175"
"인천남동구논현점","인천","남동구","인천 남동구 논곡로","인천광역시남동구논곡로79","032","032-446-7590","1175"
"인천남동구논현택지점[B]","인천","남동구","인천 남동구 소래역서로","인천광역시남동구소래역서로10-28","032","032-433-4479","1175"
"인천남동구만수1점","인천","남동구","인천 남동구 하촌로","인천광역시남동구하촌로48","032","032-471-4492","1175"
"인천남동구만수2점","인천","남동구","인천 남동구 만수서로","인천광역시남동구백범로180번길114","032","032-473-9282","1175"
"인천남동구서창1점","인천","남동구","인천 남동구 장아산로","인천광역시남동구장아산로1301층","032","032-467-9292","1175"
"인천동구동인천송현점","인천","동구","인천 동구 화도로","인천광역시동구화도로15","032","032-777-9292","1175"
"인천동구송림점","인천","동구","인천 동구 동산로","인천동구동산로89","032","032-763-7979","1175"
"인천부평구갈산점[B]","인천","부평구","인천 부평구 굴포로","인천부평구굴포로81-1","032","032-501-7448","1175"
"인천부평구부개점","인천","부평구","인천 부평구 길주남로","인천광역시부평구길주남로101번길4-19","032","032-513-0033","1175"
"인천부평구부일점","인천","부평구","인천 부평구 경인로","인천광역시부평구경인로1092번길17-1","032","032-362-9944","1175"
"인천부평구부평남부점","인천","부평구","인천 부평구 남부역로","인천광역시부평구남부역로3","032","032-505-9245","1175"
"인천부평구부평롯데점","인천","부평구","인천 부평구 경원대로","인천부평구경원대로1367번길12","032","032-501-9233","1175"
"인천부평구부평중앙점","인천","부평구","인천 부평구 장제로","인천광역시부평구장제로84번길6","032","032-508-2229","1175"
"인천부평구산곡점","인천","부평구","인천 부평구 화랑남로","인천부평구화랑남로9번길20","032","032-524-9990","1175"
"인천부평구삼산1동점","인천","부평구","인천 부평구 대보로","인천부평구대보로24번길12","032","032-502-4479","1175"
"인천부평구십정점","인천","부평구","인천 부평구 열우물로","인천광역시부평구열우물로62-1","032","032-422-4456","1175"
"인천부평구청천점","인천","부평구","인천 부평구 마장로","인천광역시부평구마장로364번길7-1","032","032-501-2332","1175"
"인천서구가좌점","인천","서구","인천 서구 여우재로","인천광역시서구여우재로109","032","032-578-9942","1175"
"인천서구검암점","인천","서구","인천 서구 도요지로","인천광역시서구도요지로189번길104","032","032-567-4479","1175"
"인천서구당하점","인천","서구","인천 서구 원당대로","인천광역시서구원당대로675","032","032-566-0041","1175"
"인천서구마전점","인천","서구","인천 서구 검단로","인천광역시서구검단로623번길17","032","032-564-9982","1175"
"인천서구석남점","인천","서구","인천 서구 면개포로","인천서구면개포로13-1","032","032-572-5454","1175"
"인천서구신현점[B]","인천","서구","인천 서구 율도로","인천광역시서구율도로77번길12","032","032-575-5592","1175"
"인천서구연희점","인천","서구","인천 서구 승학로","인천서구승학로199-1","032","032-566-4450","1175"
"인천서구청라1호점","인천","서구","인천 서구 청라에메랄드로","인천광역시서구청라에메랄드로127","032","032-572-7000","1175"
"인천연수구동춘점","인천","연수구","인천 연수구 먼우금로","인천연수구먼우금로83번길49","032","032-813-3388","1175"
"인천연수구선학점","인천","연수구","인천 연수구 선학로","인천광역시연수구선학로90","032","032-814-9977","1175"
"인천연수구송도3동점","인천","연수구","인천 연수구 송도문화로","인천광역시연수구송도문화로28번길28","032","032-812-2999","1175"
"인천연수구송도신도시점","인천","연수구","인천 연수구 해돋이로","인천광역시연수구해돋이로107","032","032-835-7441","1175"
"인천연수구연수2동3동점","인천","연수구","인천 연수구 샘말로","인천광역시연수구샘말로87번길1","032","032-812-4492","1175"
"인천연수구옥련점[B]","인천","연수구","인천 연수구 한나루로","인천연수구한나루로87주문빌딩301호","032","032-851-4479","1175"
"인천연수구청학점","인천","연수구","인천 연수구 비류대로","인천광역시연수구비류대로239번길25","032","032-832-4479","1175"
"인천옹진군백령점","인천","옹진군","인천 옹진군 백령면 백령로","인천광역시옹진군백령면백령로272-1","032","032-836-2200","1175"
"인천중구운서점","인천","중구","인천 중구 영종대로","인천중구영종대로278번길50","032","032-747-2255","1175"
"인천중구월미점","인천","중구","인천 중구 월미로","인천광역시중구월미로223","032","032-777-6119","1175"
"인천중구하늘도시점","인천","중구","인천 중구 하늘달빛로","인천광역시중구하늘달빛로95","032","032-751-9982","1175"
"전남강진군강진점","전남","강진군","전남 강진군 강진읍 중앙로","전남강진군강진읍중앙로99-3","061","061-433-9954","1175"
"전남고흥군고흥점","전남","고흥군","전남 고흥군 고흥읍 봉황길","전남고흥군고흥읍봉황길10","061","061-834-3777","1175"
"전남고흥군녹동점","전남","고흥군","전남 고흥군 도양읍 비봉로","전라남도고흥군도양읍비봉로129-2","061","061-844-4492","1175"
"전남광양시광양점","전남","광양시","전남 광양시 광양읍 인서길","전남광양시광양읍인서4길23","061","061-761-4492","1175"
"전남광양시광양제철점","전남","광양시","전남 광양시 백운로","전남광양시백운로1638-11","061","061-799-9292","1175"
"전남광양시광영점","전남","광양시","전남 광양시 금영로","전남광양시금영로181","061","061-795-4492","1175"
"전남광양시마동점","전남","광양시","전남 광양시 사동로","전남광양시사동로81-1","061","061-792-8244","1175"
"전남광양시중동점","전남","광양시","전남 광양시 광장로","전남광양시광장로120","061","061-793-4492","1175"
"전남구례군구례지리산온천점","전남","구례군","전남 구례군 산동면 하관길","전남구례군산동면하관1길26","061","061-782-4479","1175"
"전남나주시나주점","전남","나주시","전남 나주시 나주로","전남나주시나주로81","061","061-333-4492","1175"
"전남나주시나주혁신도시점","전남","나주시","전남 나주시 빛가람로","전남나주시빛가람로789","061","061-332-4492","1175"
"전남나주시영산포점","전남","나주시","전남 나주시 남교길","전남나주시남교1길6-15","061","061-333-4447","1175"
"전남목포시삼학점","전남","목포시","전남 목포시 산정로","전남목포시산정로22번길20","061","061-273-2121","1175"
"전남목포시석현점[B]","전남","목포시","전남 목포시 텃골로","전남목포시텃골로33번길53","061","061-284-9942","1175"
"전남목포시연산점","전남","목포시","전남 목포시 원산로","전남목포시연산로159번길22","061","061-273-4999","1175"
"전남목포시용해점","전남","목포시","전남 목포시 용당로","전남목포시용당로331번길88","061","061-279-4492","1175"
"전남목포시하당1점","전남","목포시","전남 목포시 백년대로","전남목포시백년대로297번길12-2","061","061-285-9997","1175"
"전남목포시하당2점","전남","목포시","전남 목포시 삼향천로","전남목포시삼향천로35","061","061-283-9936","1175"
"전남무안군남악점","전남","무안군","전남 무안군 삼향읍 남악로","전남무안군삼향읍남악2로74번길42상가106호","061","061-285-9208","1175"
"전남무안군목포대점","전남","무안군","전남 무안군 청계면 도림길","전남무안군청계면도림길90","061","061-452-0792","1175"
"전남무안군무안점","전남","무안군","전남 무안군 무안읍 하마로","전남무안군무안읍하마로31","061","061-454-9992","1175"
"전남보성군벌교점","전남","보성군","전남 보성군 벌교읍 채동선로","전남보성군벌교읍채동선로259-1","061","061-857-4492","1175"
"전남보성군보성점","전남","보성군","전남 보성군 보성읍 중앙로","전남보성군보성읍중앙로46-11","061","061-853-9713","1175"
"전남순천시금당지구점","전남","순천시","전남 순천시 해룡면 조례못등길","전남순천시해룡면조례못등길118","061","061-722-7799","1175"
"전남순천시남제점","전남","순천시","전남 순천시 우석로","전남순천시우석로73-1","061","061-741-4492","1175"
"전남순천시삼산점","전남","순천시","전남 순천시 중앙로","전남순천시중앙로292","061","061-754-4492","1175"
"전남순천시신대점","전남","순천시","전남 해룡면 좌야로","전남순천시해룡면좌야로101","061","061-723-4479","1175"
"전남순천시연향점","전남","순천시","전남 순천시 연향번영길","전남순천시연향번영4길30","061","061-722-4492","1175"
"전남순천시왕지점","전남","순천시","전남 순천시 연동남길","전남순천시연동남길35","061","061-727-4492","1175"
"전남순천시조례점","전남","순천시","전남 순천시 비봉길","전남순천시비봉길86","061","061-723-7799","1175"
"전남순천시중앙점","전남","순천시","전남 순천시 장명로","전남순천시장명로10","061","061-745-9244","1175"
"전남여수시국동점","전남","여수시","전남 여수시 구봉산길","전남여수시구봉산길15-2","061","061-642-9282","1175"
"전남여수시둔덕점","전남","여수시","전남 여수시 쌍봉로","전남여수시쌍봉로357","061","061-653-4479","1175"
"전남여수시무선지구점","전남","여수시","전남 여수시 무선길","전남여수시무선3길6","061","061-683-9982","1175"
"전남여수시서교점","전남","여수시","전남 여수시 서교길","전남여수시서교3길3-2","061","061-642-4492","1175"
"전남여수시신기점","전남","여수시","전남 여수시 새터로","전남여수시새터로93","061","061-684-0082","1175"
"전남여수시안산점","전남","여수시","전남 여수시 도원로","전남여수시도원로186","061","061-683-4482","1175"
"전남여수시여서점","전남","여수시","전남 여수시 대치길","전남여수시대치3길13-1","061","061-651-5673","1175"
"전남영광군영광점","전남","영광군","전남 영광군 영광읍 신남로","전남영광군영광읍신남로213-1","061","061-351-1554","1175"
"전남영암군삼호점","전남","영암군","전남 영암군 삼호읍 대불주거로","전남영암군삼호읍대불주거로1길80","061","061-462-4492","1175"
"전남완도군완도점","전남","완도군","전남 완도군 완도읍 개포로","전남완도군완도읍개포로177번길11","061","061-554-4492","1175"
"전남장흥군장흥점","전남","장흥군","전남 장흥군 장흥읍 북부로","전남장흥군장흥읍북부로39","061","061-864-4479","1175"
"전남진도군진도점","전남","진도군","전남 진도군 진도읍 남문길","전남진도군진도읍남문길47","061","061-542-7557","1175"
"전남함평군함평점","전남","함평군","전남 함평군 함평읍 중앙길","전남함평군함평읍중앙길172-1","061","061-324-4492","1175"
"전남해남군우수영점","전남","해남군","전남 해남군 문내면 동영길","전남해남군문내면동영길22-1","061","061-532-4492","1175"
"전남해남군해남점","전남","해남군","전남 해남군 해남읍 중앙로","전남해남군해남읍중앙1로167-1","061","061-537-6692","1175"
"전남화순군화순점","전남","화순군","전남 화순군 화순읍 만연로","전남화순군화순읍만연로37","061","061-375-4492","1175"
"전북고창군고창점","전북","고창군","전북 고창군 고창읍 성산길","전북고창군고창읍성산3길3","063","063-563-4481","1175"
"전북군산시군산대점","전북","군산시","전북 군산시 미제길","전북군산시미제1길5-4","063","063-461-4492","1175"
"전북군산시나운1점","전북","군산시","전북 군산시 신설길","전북군산시신설2길6-4","063","063-468-4492","1175"
"전북군산시나운2점","전북","군산시","전북 군산시 나운안길","전북군산시나운안2길11","063","063-466-4479","1175"
"전북군산시소룡산북점","전북","군산시","전북 군산시 동아로","전북군산시동아로130","063","063-468-4434","1175"
"전북군산시수송점","전북","군산시","전북 군산시 수송길","전북군산시수송7길21","063","063-465-4482","1175"
"전북군산시오식도점","전북","군산시","전북 군산시 가도로","전북군산시가도로177","063","063-468-9295","1175"
"전북군산시옥서점","전북","군산시","전북 군산시 옥서면 옥구저수지로","전북군산시옥서면옥구저수지로217","063","063-463-4492","1175"
"전북군산시조촌점","전북","군산시","전북 군산시 진포로","전북군산시진포로169","063","063-446-4492","1175"
"전북군산시중앙점","전북","군산시","전북 군산시 중앙로","전북군산시중앙로94","063","063-445-4479","1175"
"전북김제시김제점","전북","김제시","전북 김제시 동서로","전북김제시동서로232","063","063-545-4492","1175"
"전북남원시남원점","전북","남원시","전라북도 남원시 동문로","전북남원시동충동336번지1층","063","063-636-4492","1175"
"전북무주군무주스키점","전북","무주군","전북 무주군 설천면 구천동로","전북무주군설천면구천동1로6","063","063-322-4479","1175"
"전북무주군무주점","전북","무주군","전북 무주군 무주읍 단천로","전북무주군무주읍단천로84","063","063-323-4479","1175"
"전북부안읍부안점","전북","부안군","전북 부안군 부안읍 수정길","전라북도부안군부안읍수정길5","063","063-581-4490","1175"
"전북완주군봉동3공단점","전북","완주군","전북 완주군 봉동읍 원둔산길","전북완주군봉동읍원둔산3길13","063","063-261-4492","1175"
"전북완주군삼례우석대점","전북","완주군","전북 완주군 삼례읍 동학로","전북완주군삼례읍동학로83","063","063-291-4479","1175"
"전북완주군혁신점","전북","완주군","전북 완주군 이서면 안전로","전북완주군이서면안전로107-3","063","063-225-4479","1175"
"전북익산시동산점","전북","익산시","전북 익산시 서동로","전북익산시서동로88","063","063-843-4492","1175"
"전북익산시모현점","전북","익산시","전북 익산시 고현로길","전북익산시고현로14길8-1","063","063-852-4492","1175"
"전북익산시부송점","전북","익산시","전북 익산시 부송로","전북익산시부송로14길21","063","063-835-4492","1175"
"전북익산시신동남중점","전북","익산시","전북 익산시 익산대로","전북익산시익산대로70길23","063","063-851-4492","1175"
"전북익산시영등점","전북","익산시","전북 익산시 고봉로","전북익산시고봉로255","063","063-853-4492","1175"
"전북익산시함열점","전북","익산시","전북 익산시 함열읍 함열중앙로","전북익산시함열읍함열중앙로15","063","063-862-4479","1175"
"전북전주시덕진전북대점","전북","전주시","전북 전주시 덕진구 명륜길","전북전주시덕진구명륜5길19-6","063","063-253-4482","1175"
"전북전주시동산점","전북","전주시","전북 전주시 덕진구 쪽구름길","전북전주시덕진구쪽구름5길5","063","063-212-4492","1175"
"전북전주시삼천점","전북","전주시","전북 전주시 완산구 거마남로","전북전주시완산구거마남로58","063","063-224-4452","1175"
"전북전주시서곡점","전북","전주시","전북 전주시 완산구 서곡길","전북전주시완산구서곡1길5-12","063","063-271-4492","1175"
"전북전주시서신점","전북","전주시","전북 전주시 완산구 서신천변길","전북전주시완산구서신천변11길22","063","063-272-4492","1175"
"전북전주시서학중앙점[B]","전북","전주시","전북 전주시 완산구 서학길","전북전주시완산구서학1길2","063","063-231-4492","1175"
"전북전주시송천점","전북","전주시","전북 전주시 덕진구 천마산로","전북전주시덕진구천마산로12","063","063-255-4492","1175"
"전북전주시아중점","전북","전주시","전북 전주시 덕진구 동가재미길","전북전주시덕진구동가재미3길8","063","063-242-9225","1175"
"전북전주시전주대점","전북","전주시","전북 전주시 효자로","전북전주시완산구효자로92","063","063-236-4492","1175"
"전북전주시중화산점","전북","전주시","전북 전주시 완산구 메너머길","전북전주시완산구메너머1길29","063","063-223-4492","1175"
"전북전주시진북인후점","전북","전주시","전북 전주시 덕진구 팔달로","전북전주시덕진구팔달로346","063","063-278-4483","1175"
"전북전주시평화1점","전북","전주시","전북 전주시 완산구 평화길","전북전주시완산구평화17길10","063","063-228-4492","1175"
"전북전주시호성점","전북","전주시","전북 전주시 덕진구 소리로","전북전주시덕진구소리로198","063","063-247-4492","1175"
"전북전주시효자점","전북","전주시","전북 전주시 완산구 강변로","전북전주시완산구강변로120","063","063-227-4482","1175"
"전북정읍시수성점","전북","정읍시","전북 정읍시 수성로","전북정읍시수성1로55-14","063","063-537-4479","1175"
"전북정읍시시기점","전북","정읍시","전북 정읍시 천변로","전북정읍시천변로350-1","063","063-532-4492","1175"
"제주서귀포시강정해군기지점","제주","서귀포시","제주 서귀포시 강정동","제주서귀포시강정동2735","064","064-738-4479","1175"
"제주서귀포시대정점","제주","서귀포시","제주 서귀포시 대정읍 하모항구로6번길","제주서귀포시대정읍하모항구로6번길27","064","064-794-3336","1175"
"제주서귀포시서귀포1점","제주","서귀포시","제주 서귀포시 일주동로","제주서귀포시일주동로8600","064","064-763-4492","1175"
"제주서귀포시서귀포2호점","제주","서귀포시","제주 서귀포시 장수로","제주서귀포시장수로98","064","064-732-4479","1175"
"제주서귀포시성산점","제주","서귀포시","제주 서귀포시 성산읍 고성동서로","제주서귀포시성산읍고성동서로56번길18","064","064-782-4492","1175"
"제주서귀포시신시가지점","제주","서귀포시","제주 서귀포시 신북로","제주특별자치도서귀포시신북로17","064","064-739-4401","1175"
"제주서귀포시중문점","제주","서귀포시","제주 서귀포시 천제연로","제주서귀포시천제연로191","064","064-738-7792","1175"
"제주서귀포시표선점","제주","서귀포시","제주 서귀포시 표선면 표선동서로","제주서귀포시표선면표선동서로288","064","064-787-4492","1175"
"제주제주시노형점","제주","제주시","제주 제주시 연화로","제주제주시연화로1길24","064","064-745-4492","1175"
"제주제주시도남점","제주","제주시","제주 제주시 독짓골길","제주제주시독짓골4길11","064","064-752-4492","1175"
"제주제주시아라점","제주","제주시","제주 제주시 중앙로","제주제주시중앙로578","064","064-726-4479","1175"
"제주제주시애월점","제주","제주시","제주 제주시 애월읍 곽지5길","제주제주시애월읍곽지5길1","064","064-799-4492","1175"
"제주제주시연동점","제주","제주시","제주 제주시 연동길","제주제주시삼무로82","064","064-749-4492","1175"
"제주제주시외도점","제주","제주시","제주 제주시 일주서로","제주제주시일주서로7312","064","064-747-4490","1175"
"제주제주시용담점","제주","제주시","제주 제주시 용문로","제주제주시용문로157","064","064-713-4482","1175"
"제주제주시일도점","제주","제주시","제주 제주시 청귤로","제주특별자치도제주시청귤로3길51","064","064-727-4492","1175"
"제주제주시조천함덕점","제주","제주시","제주 제주시 조천읍 함덕길","제주제주시조천읍함덕16길7","064","064-784-9945","1175"
"제주제주시한림점","제주","제주시","제주 제주시 한림읍 한림로","제주제주시한림읍한림중앙로46","064","064-796-4452","1175"
"제주제주시화북삼양점","제주","제주시","제주 제주시 진남로","제주제주시진남로6길9","064","064-724-4492","1175"
"충남계룡시계룡점","충남","계룡시","충남 계룡시 엄사면 번영로","충청남도계룡시엄사면번영로74","041","042-840-7772","1175"
"충남공주시금학점","충남","공주시","충남 공주시 우금티로","충청남도공주시우금티로547","041","041-858-4479","1175"
"충남공주시신관점","충남","공주시","충남 공주시 번영로","충남공주시번영1로97-12","041","041-881-9285","1175"
"충남금산군금산점","충남","금산군","충남 금산군 금산읍 금산로","충청남도금산군금산읍금산로1491","041","041-753-4949","1175"
"충남논산시논산1점","충남","논산시","충남 논산시 시민로","충남논산시시민로258번길7","041","041-736-9285","1175"
"충남논산시논산항공학교","충남","논산시","충청남도 논산시 노성면 송당리","충청남도논산시노성면송당리5","041","-","1175"
"충남논산시연무점","충남","논산시","충남 논산시 연무읍 연무로","충청남도논산시연무읍연무로183","041","041-742-9285","1175"
"충남당진군당진점","충남","당진군","충남 당진시 교동길","충청남도당진시교동길153","041","041-355-7933","1175"
"충남당진군합덕점","충남","당진군","충남 당진시 합덕읍 중동길","충청남도당진시합덕읍중동1길40","041","041-363-9282","1175"
"충남당진시당진2점","충남","당진군","충남 당진시 원당로","충청남도당진시원당로45","041","041-356-4479","1175"
"충남당진시석문점","충남","당진군","충남 당진시 석문면 대호만로","충청남도당진시석문면대호만로1748","041","041-356-4566","1175"
"충남당진시송악점","충남","당진군","충남 당진시 송악읍 도고머리길","충청남도당진시송악읍도고머리길12","041","041-353-0852","1175"
"충남보령시대천점","충남","보령시","충남 보령시 대천로","충청남도보령시대천로74","041","041-934-9285","1175"
"충남보령시대천해수욕장점","충남","보령시","충남 보령시 해수욕장10길","충청남도보령시해수욕장10길6","041","041-935-8292","1175"
"충남보령시무창포해수욕장점","충남","보령시","충남 보령시 웅천읍 열린바다로","충남보령시웅천읍열린바다로342","041","041-936-4479","1175"
"충남부여군부여점","충남","부여군","충남 부여군 부여읍 사비로","충남부여군부여읍사비로72번길18","041","041-833-9285","1175"
"충남서산시동문점","충남","서산시","충남 서산시 안견로","충남서산시안견로214-5","041","041-681-9285","1175"
"충남서산시성연점","충남","서산시","충남 서산시 성연면 성연3로","충남서산시성연면성연3로35","041","041-669-5670","1175"
"충남서산시읍내점","충남","서산시","충남 서산시 부춘로","충청남도서산시부춘1로24-5","041","041-665-4479","1175"
"충남서천군서면점","충남","서천군","충남 서천군 서면 공암남촌길","충청남도서천군서면공암남촌길169","041","041-951-4456","1175"
"충남서천군서천점","충남","서천군","충남 서천군 서천읍 서천로","충청남도서천군서천읍서천로94","041","041-953-6799","1175"
"충남아산시배방점","충남","아산시","충남 아산시 배방읍 배방로","충청남도아산시배방읍배방로173번길14-7","041","041-534-9285","1175"
"충남아산시신창점","충남","아산시","충남 아산시 서부북로","충청남도아산시서부북로953","041","041-543-8292","1175"
"충남아산시영인점","충남","아산시","충남 아산시 영인면 영인로","충남아산시영인면영인로84-1","041","041-549-9289","1175"
"충남아산시온천점","충남","아산시","충남 아산시 문화로","충청남도아산시번영로147-1","041","041-534-9969","1175"
"충남아산시용화점","충남","아산시","충남 아산시 시민로","충청남도아산시시민로258번길3-5","041","041-547-9285","1175"
"충남아산시음봉점","충남","아산시","충남 아산시 음봉면 음봉로","충청남도아산시음봉면음봉로841","041","041-541-4479","1175"
"충남아산시장재점","충남","아산시","충남 아산시 배방읍 새아산로","충청남도아산시배방읍새아산로20-8","041","041-534-4479","1175"
"충남아산시장존점","충남","아산시","충남 아산시 외암로","충청남도아산시외암로1245","041","041-547-4479","1175"
"충남연기군조치원점","세종","세종시","세종시 조치원읍 신흥샛터길","세종특별자치시조치원읍신흥샛터길41","044","044-862-9285","1175"
"충남예산군삽교점","충남","예산군","충남 예산군 삽교로","충청남도예산군삽교읍삽교로76","041","041-337-2121","1175"
"충남예산군예산점","충남","예산군","충남 예산군 예산읍 역전로","충청남도예산군예산읍역전로113","041","041-333-9285","1175"
"충남천안시구성점","충남","천안시","충남 천안시 동남구 삼룡천길","충청남도천안시동남구삼룡천2길9","041","041-556-9285","1175"
"충남천안시두정1점","충남","천안시","충남 천안시 서북구 부성길","충청남도천안시서북구부성1길40-6","041","041-558-9285","1175"
"충남천안시두정대아점","충남","천안시","충남 천안시 서북구 두정중길","충남천안시서북구두정중11길22","041","041-561-9285","1175"
"충남천안시목천신계점","충남","천안시","충남 천안시 동남구 목천읍 목천안터길","충청남도천안시동남구목천읍목천안터1길4","041","041-522-4479","1175"
"충남천안시병천북면점","충남","천안시","충남 천안시 동남구 충절로","충청남도천안시동남구충절로1456","041","041-568-9285","1175"
"충남천안시불당점","충남","천안시","충남 천안시 서북구 불당길","충청남도천안시서북구불당7길33","041","041-552-9285","1175"
"충남천안시성환점","충남","천안시","충남 천안시 서북구 성환읍 신선동길","충청남도천안시서북구성환읍신선동길20","041","041-588-9286","1175"
"충남천안시신방1점","충남","천안시","충남 천안시 동남구 새말길","충청남도천안시동남구새말4길5","041","041-573-9285","1175"
"충남천안시신방초원점","충남","천안시","충남 천안시 동남구 수곡로","충청남도천안시동남구수곡로22","041","041-575-4479","1175"
"충남천안시신방통정점","충남","천안시","충남 천안시 동남구 풍세로","충청남도천안시동남구풍세로809","041","041-577-4479","1175"
"충남천안시신부점","충남","천안시","충남 천안시 동남구 천안천길","충청남도천안시동남구천안천8길53-1","041","041-555-4482","1175"
"충남천안시쌍봉점","충남","천안시","충남 천안시 서북구 봉서길","충청남도천안시서북구봉서5길17","041","041-572-4479","1175"
"충남천안시쌍용1점","충남","천안시","충남 천안시 서북구 쌍용길","충청남도천안시서북구쌍용9길10-1","041","041-575-9285","1175"
"충남천안시안서점","충남","천안시","충남 천안시 동남구 중암샛길","충청남도천안시동남구중암샛길13","041","041-555-4479","1175"
"충남천안시입장점","충남","천안시","충남 천안시 서북구 입장면 입장로","충청남도천안시서북구입장면입장로135","041","041-585-4479","1175"
"충남천안시직산점","충남","천안시","충남 천안시 서북구 직산읍 아랫말길","충청남도천안시서북구직산읍아랫말2길9","041","041-585-2662","1175"
"충남천안시풍세점","충남","천안시","충남 천안시 동남구 풍세면 풍년길","충남천안시동남구풍세면풍년길46-1","041","041-555-4546","1175"
"충남태안군안면점","충남","태안군","충남 태안군 안면읍 장터로","충청남도태안군안면읍장터로99-3","041","041-673-9333","1175"
"충남태안군태안1점","충남","태안군","충남 태안군 태안읍 군청길","충청남도태안군태안읍군청10길12","041","041-672-4482","1175"
"충남홍성군내포신도시점","충남","홍성군","충남 홍성군 홍북면 의향로","충청남도홍성군홍북면의향로289번길에이원프라자105호","041","041-632-4479","1175"
"충남홍성군홍성점","충남","홍성군","충남 홍성군 홍성읍 문화로","충청남도홍성군홍성읍문화로110","041","041-633-9285","1175"
"충북괴산군괴산점","충북","괴산군","충북 괴산군 괴산읍 읍내로","충북괴산군괴산읍읍내로13길17","043","043-834-4492","1175"
"충북단양군단양점","충북","단양군","충북 단양군 단양읍 도전길","충북단양군단양읍도전4길21","043","043-423-4482","1175"
"충북단양군매포읍점","충북","단양군","충북 단양군 매포읍 단양로","충북단양군매포읍단양로1922","043","043-423-4479","1175"
"충북보은군보은점","충북","보은군","충북 보은군 보은읍 삼산로","충북보은군보은읍삼산로33","043","043-544-1223","1175"
"충북영동군영동점","충북","영동군","충북 영동군 영동읍 학산영동로","충청북도영동군영동읍학산영동로1143","043","043-745-4479","1175"
"충북옥천군옥천점","충북","옥천군","충북 옥천군 옥천읍 성신로","충청북도옥천군옥천읍성신로48","043","043-733-4492","1175"
"충북음성군금왕점[B]","충북","음성군","충북 음성군 금왕읍 무극로","충북음성군금왕읍무극로324번길19","043","043-883-8857","1175"
"충북음성군대소점","충북","음성군","충북 음성군 대소면 오태로","충북음성군대소면오태로137번길23","043","043-882-4482","1175"
"충북음성군맹동점","충북","음성군","충북 음성군 맹동면 덕금로","충북음성군맹동면덕금로409번길4","043","043-878-9917","1175"
"충북음성군맹동혁신도시점","충북","음성군","충북 음성군 대하로","충북음성군맹동면대하로273지음프라자2차107","043","043-883-4479","1175"
"충북음성군삼성점[B]","충북","음성군","충북 음성군 삼성면 덕정로","충북음성군삼성면덕정로48","043","043-881-4479","1175"
"충북음성군생극점","충북","음성군","충북 음성군 생극면 음성로","충청북도음성군생극면음성로1639-1","043","043-881-8880","1175"
"충북음성군음성점","충북","음성군","충북 음성군 음성읍 시장로","충북음성군음성읍시장로78","043","043-873-9282","1175"
"충북제천시강제점","충북","제천시","충북 제천시 청풍호로","충북제천시청풍호로7안길3-1","043","043-645-4479","1175"
"충북제천시신백점","충북","제천시","충북 제천시 신백로","충북제천시신백로14길12","043","043-653-1113","1175"
"충북제천시제천1점","충북","제천시","충북 제천시 숭문로","충북제천시숭문로100","043","043-643-0114","1175"
"충북제천시청전점","충북","제천시","충북 제천시 의림대로 31길","충북제천시의림대로31길22","043","043-647-4479","1175"
"충북증평군증평점","충북","증평군","충북 증평군 증평읍 충청대로","충북증평군증평읍충청대로1758","043","043-838-4482","1175"
"충북진천군광혜원점[B]","충북","진천군","충북 진천군 광혜원면 화랑1길","충북진천군광혜원면화랑1길7","043","043-532-4479","1175"
"충북진천군덕산점[B]","충북","진천군","충북 진천군 덕산면 용몽길","충북진천군덕산면용몽2길17-5","043","043-532-7222","1175"
"충북진천군진천점","충북","진천군","충북 진천군 진천읍 중앙서로","충북진천군진천읍중앙서로90","043","043-534-9282","1175"
"충북청원군강내점","충북","청주시","충북 청주시 흥덕구 강내면 월곡길","충청북도청주시흥덕구강내면월곡길16","043","043-237-8292","1175"
"충북청원군내수점","충북","청주시","충북 청주시 청원구 내수읍 은곡묵방길","충청북도청주시청원구내수읍은곡묵방길52-10","043","043-213-0100","1175"
"충북청원군오송점","충북","청주시","충북 청주시 흥덕구 오송읍 연제길","충청북도청주시흥덕구오송읍연제길7","043","043-234-4477","1175"
"충북청원군오창점","충북","청주시","충북 청주시 청원구 오창읍 연구단지로","충북청주시청원구오창읍연구단지로21","043","043-216-4492","1175"
"충북청주시가경1점","충북","청주시","충북 청주시 흥덕구 풍년로","충청북도청주시흥덕구풍년로111번길22-5","043","043-233-9888","1175"
"충북청주시강서가경2점[B]","충북","청주시","충북 청주시 흥덕구 서현북로","충청북도청주시흥덕구서현북로58","043","043-236-7282","1175"
"충북청주시개신점","충북","청주시","충북 청주시 서원구 신율로","충청북도청주시서원구신율로61","043","043-267-2008","1175"
"충북청주시광장점","충북","청주시","충북 청주시 상당구 산성로","충청북도청주시상당구산성로112번길18","043","043-284-9945","1175"
"충북청주시봉명점","충북","청주시","충북 청주시 흥덕구 백봉로","충북청주시흥덕구백봉로172","043","043-264-9285","1175"
"충북청주시분평점[B]","충북","청주시","충북 청주시 서원구 순환로","충청북도청주시서원구1순환로1109","043","043-295-4479","1175"
"충북청주시사직점","충북","청주시","충북 청주시 서원구 호국로","충청북도청주시서원구호국로16","043","043-273-9992","1175"
"충북청주시사천점","충북","청주시","충북 청주시 청원구 새터로","충청북도청주시청원구새터로187","043","043-215-7007","1175"
"충북청주시산남3지구성화점","충북","청주시","충북 청주시 서원구 원흥로","충청북도청주시서원구원흥로14","043","043-292-4479","1175"
"충북청주시산남점","충북","청주시","충북 청주시 서원구 수곡로","충북청주시서원구수곡로57번길17","043","043-288-9970","1175"
"충북청주시용암2점","충북","청주시","충북 청주시 상당구 중고개로","충청북도청주시상당구중고개로240번길3","043","043-295-8888","1175"
"충북청주시용암점","충북","청주시","충북 청주시 상당구 낙영로","충청북도청주시상당구낙영로4번길18","043","043-296-1515","1175"
"충북청주시율량2지구점","충북","청주시","충북 청주시 청원구 율량로","충북청주시청원구율량로135","043","043-214-4479","1175"
"충북청주시율량점","충북","청주시","충북 청주시 청원구 공항로","충청북도청주시청원구공항로112번길34","043","043-212-4334","1175"
"충북청주시청대점","충북","청주시","충북 청주시 청원구 상당로","충북청주시청원구상당로232번길32","043","043-223-9285","1175"
"충북청주시하복대점","충북","청주시","충북 청주시 흥덕구 진재로","충청북도청주시흥덕구진재로27번길36-6","043","043-233-9998","1175"
"충북충주시건대점","충북","충주시","충북 충주시 충열길","충북충주시충열4길6","043","043-856-1577","1175"
"충북충주시대소원면점","충북","충주시","충북 충주시 대소원면 새터길","충북충주시대소원면새터1길9","043","043-854-3399","1175"
"충북충주시목행동량점","충북","충주시","충북 충주시 행정길","충북충주시행정9길32","043","043-845-4479","1175"
"충북충주시수안보점","충북","충주시","충북 충주시 수안보면 온천중앙길","충북충주시수안보면온천중앙길32","043","043-844-4492","1175"
"충북충주시신니면점","충북","충주시","충북 충주시 신니면 덕고개로","충북충주시신니면덕고개로4","043","043-851-4479","1175"
"충북충주시충주1점","충북","충주시","충북 충주시 금제길","충북충주시금제6길1","043","043-856-9929","1175"
"충북충주시충주2점","충북","충주시","충북 충주시 형설로","충북충주시형설로110-1","043","043-854-8577","1175"
"충북충주시충주3점","충북","충주시","충북 충주시 중원대로","충북충주시중원대로3393","043","043-856-1588","1175"
"충북충주시칠금점","충북","충주시","충북 충주시 우륵로","충북충주시우륵로10","043","043-855-4492","1175"
"충북충주시한국교통대점","충북","충주시","충북 충주시 대소원면 대학로","충북충주시대소원면대학로28","043","043-855-7774","1175"
